,Location ID,Place_ID,Governorate,District,Location_name,Arabic_name,Latitude,Longitude,Returnee Families,Returnee Individuals,Anbar,Babylon,Baghdad,Basrah,Dahuk,Diyala,Erbil,Kerbala,Kirkuk,Missan,Muthanna,Najaf,Ninewa,Qadissiya,Salahal Din,Sulaymaniyah,Thi Qar,Wassit,Camp,Habitual Pre_31_October2018,Habitual Residence (Habitable),Habitual Residence (Uninhabitable),Host_families,Hotel_Motel,Informal_settlements,Other,Religious_building,Rented_houses,School_building,Unfinished_Abandoned_building,Unknown_shelter_type,Pre June14 Period of displacement,June July14 Period of displacement,August14 Period of displacement,Post September 14 Period of displacement,Post April15 Period of displacement,Post March 16 Period of displacement,Post 17 October 16 Period of displacement,July 17 Period of displacement,Jan19,date
0,2105009.0,122.0,Anbar,Falluja,Al Mualmeen,حي المعلمين ,33.3549769549,43.7819224689,45.0,270.0,45.0,0.0,0.0,0.0,0.0,0.0,0.0,0.0,0.0,0.0,0.0,0.0,0.0,0.0,0.0,0.0,0.0,0.0,0.0,45.0,,,0.0,0.0,0.0,0.0,0.0,0.0,0.0,0.0,0.0,0.0,0.0,0.0,45.0,0.0,0.0,0.0,0.0,0.0,"Aug 13, 2015"
1,2105013.0,169.0,Anbar,Falluja,Al Shurta,حي الشرطة,33.3638970664,43.7981830947,196.0,1176.0,196.0,0.0,0.0,0.0,0.0,0.0,0.0,0.0,0.0,0.0,0.0,0.0,0.0,0.0,0.0,0.0,0.0,0.0,0.0,196.0,,,0.0,0.0,0.0,0.0,0.0,0.0,0.0,0.0,0.0,0.0,0.0,0.0,35.0,161.0,0.0,0.0,0.0,0.0,"Aug 13, 2015"
2,2105016.0,207.0,Anbar,Falluja,Al-Akrad,حي الاكراد,33.3459263016,43.7573679355,50.0,300.0,50.0,0.0,0.0,0.0,0.0,0.0,0.0,0.0,0.0,0.0,0.0,0.0,0.0,0.0,0.0,0.0,0.0,0.0,0.0,50.0,,,0.0,0.0,0.0,0.0,0.0,0.0,0.0,0.0,0.0,0.0,0.0,0.0,50.0,0.0,0.0,0.0,0.0,0.0,"Aug 13, 2015"
3,2105020.0,176.0,Anbar,Falluja,Al-andalus,حي الأندلس,33.3483344814,43.7629592512,171.0,1026.0,171.0,0.0,0.0,0.0,0.0,0.0,0.0,0.0,0.0,0.0,0.0,0.0,0.0,0.0,0.0,0.0,0.0,0.0,0.0,171.0,,,0.0,0.0,0.0,0.0,0.0,0.0,0.0,0.0,0.0,0.0,0.0,0.0,25.0,146.0,0.0,0.0,0.0,0.0,"Aug 13, 2015"
4,2105022.0,177.0,Anbar,Falluja,Al-bazara,حي البزارة,33.3525185096,43.7696679588,248.0,1488.0,248.0,0.0,0.0,0.0,0.0,0.0,0.0,0.0,0.0,0.0,0.0,0.0,0.0,0.0,0.0,0.0,0.0,0.0,0.0,248.0,,,0.0,0.0,0.0,0.0,0.0,0.0,0.0,0.0,0.0,0.0,0.0,0.0,68.0,180.0,0.0,0.0,0.0,0.0,"Aug 13, 2015"
5,2105044.0,173.0,Anbar,Falluja,Al-jamhuriya,الجمهورية,33.350251615,43.7759620791,275.0,1650.0,275.0,0.0,0.0,0.0,0.0,0.0,0.0,0.0,0.0,0.0,0.0,0.0,0.0,0.0,0.0,0.0,0.0,0.0,0.0,275.0,,,0.0,0.0,0.0,0.0,0.0,0.0,0.0,0.0,0.0,0.0,0.0,0.0,44.0,231.0,0.0,0.0,0.0,0.0,"Aug 13, 2015"
6,2105045.0,299.0,Anbar,Falluja,Al-Julan,الجولان,33.3639344479,43.7675776798,192.0,1152.0,192.0,0.0,0.0,0.0,0.0,0.0,0.0,0.0,0.0,0.0,0.0,0.0,0.0,0.0,0.0,0.0,0.0,0.0,0.0,192.0,,,0.0,0.0,0.0,0.0,0.0,0.0,0.0,0.0,0.0,0.0,0.0,0.0,55.0,137.0,0.0,0.0,0.0,0.0,"Aug 13, 2015"
7,2105048.0,178.0,Anbar,Falluja,Al-muatasem,حي المعتصم,33.3580443793,43.7686372799,20.0,120.0,20.0,0.0,0.0,0.0,0.0,0.0,0.0,0.0,0.0,0.0,0.0,0.0,0.0,0.0,0.0,0.0,0.0,0.0,0.0,20.0,,,0.0,0.0,0.0,0.0,0.0,0.0,0.0,0.0,0.0,0.0,0.0,0.0,20.0,0.0,0.0,0.0,0.0,0.0,"Aug 13, 2015"
8,2105053.0,148.0,Anbar,Falluja,Al-waheda,حي الوحدة,33.3602662423,43.7779121015,64.0,384.0,64.0,0.0,0.0,0.0,0.0,0.0,0.0,0.0,0.0,0.0,0.0,0.0,0.0,0.0,0.0,0.0,0.0,0.0,0.0,64.0,,,0.0,0.0,0.0,0.0,0.0,0.0,0.0,0.0,0.0,0.0,0.0,0.0,64.0,0.0,0.0,0.0,0.0,0.0,"Aug 13, 2015"
9,2105055.0,126.0,Anbar,Falluja,Door Al Sikik Area,دور السكك,33.3664054946,43.7714322718,141.0,846.0,141.0,0.0,0.0,0.0,0.0,0.0,0.0,0.0,0.0,0.0,0.0,0.0,0.0,0.0,0.0,0.0,0.0,0.0,0.0,141.0,,,0.0,0.0,0.0,0.0,0.0,0.0,0.0,0.0,0.0,0.0,0.0,0.0,32.0,109.0,0.0,0.0,0.0,0.0,"Aug 13, 2015"
10,2105061.0,157.0,Anbar,Falluja,Muallimeen-2,حي المعلمين الثانية ,33.3644793176,43.7805218499,256.0,1536.0,256.0,0.0,0.0,0.0,0.0,0.0,0.0,0.0,0.0,0.0,0.0,0.0,0.0,0.0,0.0,0.0,0.0,0.0,0.0,256.0,,,0.0,0.0,0.0,0.0,0.0,0.0,0.0,0.0,0.0,0.0,0.0,0.0,40.0,216.0,0.0,0.0,0.0,0.0,"Aug 13, 2015"
11,2105063.0,121.0,Anbar,Falluja,Nazal,حي نزال,33.3456508548,43.7831317315,123.0,738.0,123.0,0.0,0.0,0.0,0.0,0.0,0.0,0.0,0.0,0.0,0.0,0.0,0.0,0.0,0.0,0.0,0.0,0.0,0.0,123.0,,,0.0,0.0,0.0,0.0,0.0,0.0,0.0,0.0,0.0,0.0,0.0,0.0,26.0,97.0,0.0,0.0,0.0,0.0,"Aug 13, 2015"
12,2105079.0,175.0,Anbar,Falluja,Hay Al-Resala,حي الرسالة,33.34092,43.7680192939,18.0,108.0,18.0,0.0,0.0,0.0,0.0,0.0,0.0,0.0,0.0,0.0,0.0,0.0,0.0,0.0,0.0,0.0,0.0,0.0,0.0,18.0,,,0.0,0.0,0.0,0.0,0.0,0.0,0.0,0.0,0.0,0.0,0.0,0.0,18.0,0.0,0.0,0.0,0.0,0.0,"Aug 13, 2015"
13,2107029.0,135.0,Anbar,Heet,Al-muabdiyat,المعبديات,33.6466880318,42.8414554018,67.0,402.0,67.0,0.0,0.0,0.0,0.0,0.0,0.0,0.0,0.0,0.0,0.0,0.0,0.0,0.0,0.0,0.0,0.0,0.0,0.0,67.0,,,0.0,0.0,0.0,0.0,0.0,0.0,0.0,0.0,0.0,0.0,0.0,0.0,0.0,67.0,0.0,0.0,0.0,0.0,"Aug 13, 2015"
14,2107056.0,21231.0,Anbar,Heet,Hay Al-Qadisiyah,القادسية,33.6364009536,42.8361484132,99.0,594.0,99.0,0.0,0.0,0.0,0.0,0.0,0.0,0.0,0.0,0.0,0.0,0.0,0.0,0.0,0.0,0.0,0.0,0.0,0.0,99.0,,,0.0,0.0,0.0,0.0,0.0,0.0,0.0,0.0,0.0,0.0,0.0,0.0,0.0,99.0,0.0,0.0,0.0,0.0,"Aug 13, 2015"
15,2107062.0,53.0,Anbar,Heet,Heet-Maskhan,المصخن,33.6988048868,42.747582354,81.0,486.0,81.0,0.0,0.0,0.0,0.0,0.0,0.0,0.0,0.0,0.0,0.0,0.0,0.0,0.0,0.0,0.0,0.0,0.0,0.0,81.0,,,0.0,0.0,0.0,0.0,0.0,0.0,0.0,0.0,0.0,0.0,0.0,0.0,0.0,81.0,0.0,0.0,0.0,0.0,"Aug 13, 2015"
16,2107067.0,191.0,Anbar,Heet,Mualmeen,المعلمين,33.6447944332,42.8151881446,128.0,768.0,128.0,0.0,0.0,0.0,0.0,0.0,0.0,0.0,0.0,0.0,0.0,0.0,0.0,0.0,0.0,0.0,0.0,0.0,0.0,128.0,,,0.0,0.0,0.0,0.0,0.0,0.0,0.0,0.0,0.0,0.0,0.0,0.0,0.0,128.0,0.0,0.0,0.0,0.0,"Aug 13, 2015"
17,2108007.0,24730.0,Anbar,Ramadi,Al Khulafaa,الخلفاء,33.3921648796,43.5122062546,97.0,582.0,0.0,0.0,97.0,0.0,0.0,0.0,0.0,0.0,0.0,0.0,0.0,0.0,0.0,0.0,0.0,0.0,0.0,0.0,0.0,97.0,,,0.0,0.0,0.0,0.0,0.0,0.0,0.0,0.0,0.0,0.0,0.0,0.0,0.0,97.0,0.0,0.0,0.0,0.0,"Aug 13, 2015"
18,2108010.0,25442.0,Anbar,Ramadi,Al Shuqaq Al Bidh,الشقق البيض,33.4163206338,43.2700260632,39.0,234.0,39.0,0.0,0.0,0.0,0.0,0.0,0.0,0.0,0.0,0.0,0.0,0.0,0.0,0.0,0.0,0.0,0.0,0.0,0.0,39.0,,,0.0,0.0,0.0,0.0,0.0,0.0,0.0,0.0,0.0,0.0,0.0,0.0,39.0,0.0,0.0,0.0,0.0,0.0,"Aug 13, 2015"
19,2108014.0,23891.0,Anbar,Ramadi,Al-Ankor,العنكور,33.374498,42.84705,232.0,1392.0,0.0,0.0,232.0,0.0,0.0,0.0,0.0,0.0,0.0,0.0,0.0,0.0,0.0,0.0,0.0,0.0,0.0,0.0,0.0,232.0,,,0.0,0.0,0.0,0.0,0.0,0.0,0.0,0.0,0.0,0.0,0.0,0.0,0.0,232.0,0.0,0.0,0.0,0.0,"Aug 13, 2015"
20,2108020.0,206.0,Anbar,Ramadi,Al-Shuhadaa,حي الشهداء,33.3756752225,43.5349991438,59.0,354.0,0.0,0.0,59.0,0.0,0.0,0.0,0.0,0.0,0.0,0.0,0.0,0.0,0.0,0.0,0.0,0.0,0.0,0.0,0.0,59.0,,,0.0,0.0,0.0,0.0,0.0,0.0,0.0,0.0,0.0,0.0,0.0,0.0,0.0,59.0,0.0,0.0,0.0,0.0,"Aug 13, 2015"
21,2108023.0,23853.0,Anbar,Ramadi,Hay Al-Madani,الحي المدني ,33.3781144027,43.5952427621,86.0,516.0,0.0,0.0,86.0,0.0,0.0,0.0,0.0,0.0,0.0,0.0,0.0,0.0,0.0,0.0,0.0,0.0,0.0,0.0,0.0,86.0,,,0.0,0.0,0.0,0.0,0.0,0.0,0.0,0.0,0.0,0.0,0.0,0.0,0.0,86.0,0.0,0.0,0.0,0.0,"Aug 13, 2015"
22,2108030.0,184.0,Anbar,Ramadi,Warar,الورار,33.4320062434,43.2743294856,528.0,3168.0,0.0,0.0,528.0,0.0,0.0,0.0,0.0,0.0,0.0,0.0,0.0,0.0,0.0,0.0,0.0,0.0,0.0,0.0,0.0,528.0,,,0.0,0.0,0.0,0.0,0.0,0.0,0.0,0.0,0.0,0.0,0.0,0.0,0.0,528.0,0.0,0.0,0.0,0.0,"Aug 13, 2015"
23,2108033.0,133.0,Anbar,Ramadi,Al Aadil,العادل,33.41405,43.3063253612,45.0,270.0,45.0,0.0,0.0,0.0,0.0,0.0,0.0,0.0,0.0,0.0,0.0,0.0,0.0,0.0,0.0,0.0,0.0,0.0,0.0,45.0,,,0.0,0.0,0.0,0.0,0.0,0.0,0.0,0.0,0.0,0.0,0.0,0.0,45.0,0.0,0.0,0.0,0.0,0.0,"Aug 13, 2015"
24,2108034.0,132.0,Anbar,Ramadi,Al Andalus,الاندلس,33.41774,43.3055753769,85.0,510.0,85.0,0.0,0.0,0.0,0.0,0.0,0.0,0.0,0.0,0.0,0.0,0.0,0.0,0.0,0.0,0.0,0.0,0.0,0.0,85.0,,,0.0,0.0,0.0,0.0,0.0,0.0,0.0,0.0,0.0,0.0,0.0,0.0,85.0,0.0,0.0,0.0,0.0,0.0,"Aug 13, 2015"
25,2108035.0,25650.0,Anbar,Ramadi,Al Askari,العسكري,33.411586,43.2464492293,98.0,588.0,98.0,0.0,0.0,0.0,0.0,0.0,0.0,0.0,0.0,0.0,0.0,0.0,0.0,0.0,0.0,0.0,0.0,0.0,0.0,98.0,,,0.0,0.0,0.0,0.0,0.0,0.0,0.0,0.0,0.0,0.0,0.0,0.0,55.0,43.0,0.0,0.0,0.0,0.0,"Aug 13, 2015"
26,2108036.0,117.0,Anbar,Ramadi,Al Azeziya,العزيزية,33.42671,43.2966966345,279.0,1674.0,201.0,0.0,78.0,0.0,0.0,0.0,0.0,0.0,0.0,0.0,0.0,0.0,0.0,0.0,0.0,0.0,0.0,0.0,0.0,279.0,,,0.0,0.0,0.0,0.0,0.0,0.0,0.0,0.0,0.0,0.0,0.0,0.0,70.0,209.0,0.0,0.0,0.0,0.0,"Aug 13, 2015"
27,2108037.0,25800.0,Anbar,Ramadi,Al Katanah,الكطانة,33.42931,43.3067810481,235.0,1410.0,0.0,0.0,235.0,0.0,0.0,0.0,0.0,0.0,0.0,0.0,0.0,0.0,0.0,0.0,0.0,0.0,0.0,0.0,0.0,235.0,,,0.0,0.0,0.0,0.0,0.0,0.0,0.0,0.0,0.0,0.0,0.0,0.0,0.0,235.0,0.0,0.0,0.0,0.0,"Aug 13, 2015"
28,2108038.0,185.0,Anbar,Ramadi,Al-Shareka,الشركة,33.42922,43.3137772381,1253.0,7518.0,0.0,0.0,1253.0,0.0,0.0,0.0,0.0,0.0,0.0,0.0,0.0,0.0,0.0,0.0,0.0,0.0,0.0,0.0,0.0,1253.0,,,0.0,0.0,0.0,0.0,0.0,0.0,0.0,0.0,0.0,0.0,0.0,0.0,0.0,1253.0,0.0,0.0,0.0,0.0,"Aug 13, 2015"
29,2108039.0,297.0,Anbar,Ramadi,Al-Thilah,الثيلة,33.43294,43.3057077765,161.0,966.0,161.0,0.0,0.0,0.0,0.0,0.0,0.0,0.0,0.0,0.0,0.0,0.0,0.0,0.0,0.0,0.0,0.0,0.0,0.0,161.0,,,0.0,0.0,0.0,0.0,0.0,0.0,0.0,0.0,0.0,0.0,0.0,0.0,65.0,96.0,0.0,0.0,0.0,0.0,"Aug 13, 2015"
30,2108040.0,23602.0,Anbar,Ramadi,Hay Al Eskan,الاسكان,33.41747,43.3084226236,105.0,630.0,105.0,0.0,0.0,0.0,0.0,0.0,0.0,0.0,0.0,0.0,0.0,0.0,0.0,0.0,0.0,0.0,0.0,0.0,0.0,105.0,,,0.0,0.0,0.0,0.0,0.0,0.0,0.0,0.0,0.0,0.0,0.0,0.0,105.0,0.0,0.0,0.0,0.0,0.0,"Aug 13, 2015"
31,2108041.0,23023.0,Anbar,Ramadi,Hay Al Malab,الملعب,33.42225,43.3212785727,1117.0,6702.0,0.0,0.0,1117.0,0.0,0.0,0.0,0.0,0.0,0.0,0.0,0.0,0.0,0.0,0.0,0.0,0.0,0.0,0.0,0.0,1117.0,,,0.0,0.0,0.0,0.0,0.0,0.0,0.0,0.0,0.0,0.0,0.0,0.0,0.0,1117.0,0.0,0.0,0.0,0.0,"Aug 13, 2015"
32,2401015.0,25662.0,Diyala,Al-Khalis,Al-Arabdah Village,قرية العرابضة,34.08057011,44.9189731067,287.0,1722.0,0.0,0.0,0.0,0.0,0.0,202.0,0.0,0.0,0.0,0.0,0.0,0.0,0.0,0.0,0.0,85.0,0.0,0.0,0.0,160.0,,,0.0,0.0,0.0,0.0,0.0,0.0,0.0,127.0,0.0,0.0,287.0,0.0,0.0,0.0,0.0,0.0,0.0,0.0,"Aug 13, 2015"
33,2401017.0,25681.0,Diyala,Al-Khalis,Ali Abdulla village,قرية علي العبد الله,34.12538413,44.8414714059,10.0,60.0,0.0,0.0,0.0,0.0,0.0,8.0,0.0,0.0,2.0,0.0,0.0,0.0,0.0,0.0,0.0,0.0,0.0,0.0,0.0,5.0,,,0.0,0.0,0.0,0.0,0.0,0.0,0.0,5.0,0.0,0.0,0.0,0.0,10.0,0.0,0.0,0.0,0.0,0.0,"Aug 13, 2015"
34,2401019.0,25667.0,Diyala,Al-Khalis,Al-Makareen Village,قرية المكاريين,34.0872047481,44.9287902566,284.0,1704.0,0.0,0.0,0.0,0.0,0.0,234.0,0.0,0.0,50.0,0.0,0.0,0.0,0.0,0.0,0.0,0.0,0.0,0.0,0.0,155.0,,,0.0,0.0,0.0,0.0,0.0,0.0,0.0,129.0,0.0,0.0,284.0,0.0,0.0,0.0,0.0,0.0,0.0,0.0,"Aug 13, 2015"
35,2401020.0,25666.0,Diyala,Al-Khalis,Al-Mashroo Village,قرية المشروع,34.0674633,44.7784592551,65.0,390.0,0.0,0.0,0.0,0.0,0.0,65.0,0.0,0.0,0.0,0.0,0.0,0.0,0.0,0.0,0.0,0.0,0.0,0.0,0.0,65.0,,,0.0,0.0,0.0,0.0,0.0,0.0,0.0,0.0,0.0,0.0,0.0,0.0,65.0,0.0,0.0,0.0,0.0,0.0,"Aug 13, 2015"
36,2401021.0,25661.0,Diyala,Al-Khalis,Al-Sadah Village,قرية السادة,34.0858611805,44.7265957676,205.0,1230.0,0.0,0.0,0.0,0.0,0.0,205.0,0.0,0.0,0.0,0.0,0.0,0.0,0.0,0.0,0.0,0.0,0.0,0.0,0.0,65.0,,,0.0,0.0,0.0,0.0,0.0,0.0,0.0,140.0,0.0,0.0,0.0,0.0,205.0,0.0,0.0,0.0,0.0,0.0,"Aug 13, 2015"
37,2401029.0,25678.0,Diyala,Al-Khalis,Dawod Al-Salom village,قرية داوود السلوم,34.125489027,44.8441084558,140.0,840.0,0.0,0.0,0.0,0.0,0.0,140.0,0.0,0.0,0.0,0.0,0.0,0.0,0.0,0.0,0.0,0.0,0.0,0.0,0.0,60.0,,,0.0,0.0,0.0,0.0,0.0,0.0,0.0,80.0,0.0,0.0,0.0,0.0,140.0,0.0,0.0,0.0,0.0,0.0,"Aug 13, 2015"
38,2401035.0,11487.0,Diyala,Al-Khalis,Al Askary Qtr,الحي العسكري,34.0664713836,44.8604759576,292.0,1752.0,0.0,0.0,0.0,0.0,0.0,235.0,0.0,0.0,57.0,0.0,0.0,0.0,0.0,0.0,0.0,0.0,0.0,0.0,0.0,292.0,,,0.0,0.0,0.0,0.0,0.0,0.0,0.0,0.0,0.0,0.0,292.0,0.0,0.0,0.0,0.0,0.0,0.0,0.0,"Aug 13, 2015"
39,2401048.0,25658.0,Diyala,Al-Khalis,Al Aqssa Village,قرية الاقصى,34.0656259775,44.8705151201,180.0,1080.0,0.0,0.0,0.0,0.0,0.0,125.0,0.0,0.0,25.0,0.0,0.0,0.0,0.0,0.0,0.0,30.0,0.0,0.0,0.0,0.0,,,0.0,0.0,0.0,0.0,0.0,0.0,0.0,180.0,0.0,0.0,0.0,0.0,180.0,0.0,0.0,0.0,0.0,0.0,"Aug 13, 2015"
40,2401049.0,25671.0,Diyala,Al-Khalis,Bizayiz Sherwin Village,قرية بزايز شروين,34.040578,44.880882102,190.0,1140.0,0.0,0.0,0.0,0.0,0.0,102.0,0.0,0.0,38.0,0.0,0.0,0.0,0.0,0.0,0.0,50.0,0.0,0.0,0.0,0.0,,,0.0,0.0,0.0,0.0,0.0,0.0,0.0,190.0,0.0,0.0,0.0,0.0,190.0,0.0,0.0,0.0,0.0,0.0,"Aug 13, 2015"
41,2401051.0,25665.0,Diyala,Al-Khalis,Al Marfoo Village,قرية المرفوع,34.0501993713,44.7826068449,70.0,420.0,0.0,0.0,0.0,0.0,0.0,70.0,0.0,0.0,0.0,0.0,0.0,0.0,0.0,0.0,0.0,0.0,0.0,0.0,0.0,70.0,,,0.0,0.0,0.0,0.0,0.0,0.0,0.0,0.0,0.0,0.0,70.0,0.0,0.0,0.0,0.0,0.0,0.0,0.0,"Aug 13, 2015"
42,2401052.0,25680.0,Diyala,Al-Khalis,Alwan Al Hadid Village,قرية علوان الحديد,34.02365221,44.8652863917,82.0,492.0,0.0,0.0,0.0,0.0,0.0,82.0,0.0,0.0,0.0,0.0,0.0,0.0,0.0,0.0,0.0,0.0,0.0,0.0,0.0,0.0,,,0.0,0.0,0.0,0.0,0.0,0.0,0.0,82.0,0.0,0.0,0.0,0.0,82.0,0.0,0.0,0.0,0.0,0.0,"Aug 13, 2015"
43,2401054.0,25659.0,Diyala,Al-Khalis,Al Bayat Village,قرية البيات,34.0917256426,44.9365514108,47.0,282.0,0.0,0.0,0.0,0.0,0.0,32.0,0.0,0.0,0.0,0.0,0.0,0.0,0.0,0.0,0.0,15.0,0.0,0.0,0.0,15.0,,,0.0,0.0,0.0,0.0,0.0,0.0,0.0,32.0,0.0,0.0,0.0,0.0,47.0,0.0,0.0,0.0,0.0,0.0,"Aug 13, 2015"
44,2401055.0,25670.0,Diyala,Al-Khalis,Bazaiz Al Mashroo Village,قرية بزايز المشروع,34.0751446579,44.7781862975,57.0,342.0,0.0,0.0,0.0,0.0,0.0,57.0,0.0,0.0,0.0,0.0,0.0,0.0,0.0,0.0,0.0,0.0,0.0,0.0,0.0,57.0,,,0.0,0.0,0.0,0.0,0.0,0.0,0.0,0.0,0.0,0.0,57.0,0.0,0.0,0.0,0.0,0.0,0.0,0.0,"Aug 13, 2015"
45,2401057.0,25673.0,Diyala,Al-Khalis,Habib Al Abdulla Village,قرية حبيب العبدالله,34.05390233,44.892346933,380.0,2280.0,0.0,0.0,0.0,0.0,0.0,200.0,0.0,0.0,80.0,0.0,0.0,0.0,0.0,0.0,0.0,100.0,0.0,0.0,0.0,0.0,,,0.0,0.0,0.0,0.0,0.0,0.0,0.0,380.0,0.0,0.0,0.0,0.0,380.0,0.0,0.0,0.0,0.0,0.0,"Aug 13, 2015"
46,2401058.0,25672.0,Diyala,Al-Khalis,Habib Al Khaizaran Village,قرية حبيب الخيزران,34.1212219955,44.7696088048,240.0,1440.0,0.0,0.0,0.0,0.0,0.0,200.0,0.0,0.0,20.0,0.0,0.0,0.0,0.0,0.0,0.0,20.0,0.0,0.0,0.0,240.0,,,0.0,0.0,0.0,0.0,0.0,0.0,0.0,0.0,0.0,0.0,0.0,0.0,240.0,0.0,0.0,0.0,0.0,0.0,"Aug 13, 2015"
47,2401059.0,25676.0,Diyala,Al-Khalis,Al Mansouriyah-Hamada Village,المنصورية-قرية حماده,34.0313664071,44.8676443064,172.0,1032.0,0.0,0.0,0.0,0.0,0.0,100.0,0.0,0.0,50.0,0.0,0.0,0.0,0.0,0.0,0.0,22.0,0.0,0.0,0.0,0.0,,,0.0,0.0,0.0,0.0,0.0,0.0,0.0,172.0,0.0,0.0,0.0,0.0,172.0,0.0,0.0,0.0,0.0,0.0,"Aug 13, 2015"
48,2401060.0,25677.0,Diyala,Al-Khalis,Hamza Al Najim Village,قرية حمزة النجم,34.0390160202,44.8833292684,85.0,510.0,0.0,0.0,0.0,0.0,0.0,85.0,0.0,0.0,0.0,0.0,0.0,0.0,0.0,0.0,0.0,0.0,0.0,0.0,0.0,0.0,,,0.0,0.0,0.0,0.0,0.0,0.0,0.0,85.0,0.0,0.0,0.0,0.0,85.0,0.0,0.0,0.0,0.0,0.0,"Aug 13, 2015"
49,2401061.0,24194.0,Diyala,Al-Khalis,Dalli Abass-Al-Dhobat Qtr,دلي عباس-حي الضباط,34.0734513278,44.8548661137,197.0,1182.0,0.0,0.0,0.0,0.0,0.0,158.0,0.0,0.0,39.0,0.0,0.0,0.0,0.0,0.0,0.0,0.0,0.0,0.0,0.0,197.0,,,0.0,0.0,0.0,0.0,0.0,0.0,0.0,0.0,0.0,0.0,197.0,0.0,0.0,0.0,0.0,0.0,0.0,0.0,"Aug 13, 2015"
50,2401062.0,25655.0,Diyala,Al-Khalis,Dalli Abass-Al Moalmeen Qtr,دلي عباس-حي المعلمين,34.0707238938,44.8704787009,305.0,1830.0,0.0,0.0,0.0,0.0,0.0,210.0,0.0,0.0,50.0,0.0,0.0,0.0,0.0,0.0,0.0,45.0,0.0,0.0,0.0,305.0,,,0.0,0.0,0.0,0.0,0.0,0.0,0.0,0.0,0.0,0.0,305.0,0.0,0.0,0.0,0.0,0.0,0.0,0.0,"Aug 13, 2015"
51,2401063.0,25651.0,Diyala,Al-Khalis,Dalli Abass-The Old Qtr,دلي عباس-الحي القديم,34.0736823986,44.8634162887,433.0,2598.0,0.0,0.0,0.0,0.0,0.0,333.0,0.0,0.0,45.0,0.0,0.0,0.0,0.0,0.0,0.0,55.0,0.0,0.0,0.0,433.0,,,0.0,0.0,0.0,0.0,0.0,0.0,0.0,0.0,0.0,0.0,433.0,0.0,0.0,0.0,0.0,0.0,0.0,0.0,"Aug 13, 2015"
52,2401064.0,25652.0,Diyala,Al-Khalis,Dalli Abass-Al Rasheed Qtr,دلي عباس-حي الرشيد,34.0702273933,44.8642580733,417.0,2502.0,0.0,0.0,0.0,0.0,0.0,390.0,0.0,0.0,17.0,0.0,0.0,0.0,0.0,0.0,0.0,10.0,0.0,0.0,0.0,417.0,,,0.0,0.0,0.0,0.0,0.0,0.0,0.0,0.0,0.0,0.0,417.0,0.0,0.0,0.0,0.0,0.0,0.0,0.0,"Aug 13, 2015"
53,2401065.0,25653.0,Diyala,Al-Khalis,Dalli Abass-Al Shekh Hassan Qtr,دلي عباس-حي الشيخ حسن,34.0772302112,44.8550351631,220.0,1320.0,0.0,0.0,0.0,0.0,0.0,0.0,0.0,0.0,220.0,0.0,0.0,0.0,0.0,0.0,0.0,0.0,0.0,0.0,0.0,220.0,,,0.0,0.0,0.0,0.0,0.0,0.0,0.0,0.0,0.0,0.0,220.0,0.0,0.0,0.0,0.0,0.0,0.0,0.0,"Aug 13, 2015"
54,2401027.0,26058.0,Diyala,Al-Khalis,Dalli Abass-Al-Shuhada Qtr,دلي عباس-حي الشهداء,34.0676524024,44.8655022195,271.0,1626.0,0.0,0.0,0.0,0.0,0.0,244.0,0.0,0.0,17.0,0.0,0.0,0.0,0.0,0.0,0.0,10.0,0.0,0.0,0.0,271.0,,,0.0,0.0,0.0,0.0,0.0,0.0,0.0,0.0,0.0,0.0,271.0,0.0,0.0,0.0,0.0,0.0,0.0,0.0,"Aug 13, 2015"
55,2401067.0,25656.0,Diyala,Al-Khalis,Dalli Abass-Kurd Ali,دلي عباس-كرد علي,34.0700307394,44.8597311011,199.0,1194.0,0.0,0.0,0.0,0.0,0.0,139.0,0.0,0.0,35.0,0.0,0.0,0.0,0.0,0.0,0.0,25.0,0.0,0.0,0.0,199.0,,,0.0,0.0,0.0,0.0,0.0,0.0,0.0,0.0,0.0,0.0,199.0,0.0,0.0,0.0,0.0,0.0,0.0,0.0,"Aug 13, 2015"
56,2401068.0,25682.0,Diyala,Al-Khalis,Mohammed Ali Village,قرية محمد العلي,34.0454980898,44.8815919782,212.0,1272.0,0.0,0.0,0.0,0.0,0.0,112.0,0.0,0.0,40.0,0.0,0.0,0.0,0.0,0.0,0.0,60.0,0.0,0.0,0.0,0.0,,,0.0,0.0,0.0,0.0,0.0,0.0,0.0,212.0,0.0,0.0,0.0,0.0,212.0,0.0,0.0,0.0,0.0,0.0,"Aug 13, 2015"
57,2401069.0,25683.0,Diyala,Al-Khalis,Mohammed Taha Village,قرية محمد طه,34.03490537,44.8745811061,149.0,894.0,0.0,0.0,0.0,0.0,0.0,75.0,0.0,0.0,35.0,0.0,0.0,0.0,0.0,0.0,0.0,39.0,0.0,0.0,0.0,0.0,,,0.0,0.0,0.0,0.0,0.0,0.0,0.0,149.0,0.0,0.0,0.0,0.0,149.0,0.0,0.0,0.0,0.0,0.0,"Aug 13, 2015"
58,2401070.0,25684.0,Diyala,Al-Khalis,Najim Al Abdulla Village,قرية نجم العبد الله,34.03934238,44.8785387612,182.0,1092.0,0.0,0.0,0.0,0.0,0.0,182.0,0.0,0.0,0.0,0.0,0.0,0.0,0.0,0.0,0.0,0.0,0.0,0.0,0.0,0.0,,,0.0,0.0,0.0,0.0,0.0,0.0,0.0,182.0,0.0,0.0,0.0,0.0,182.0,0.0,0.0,0.0,0.0,0.0,"Aug 13, 2015"
59,2401071.0,25806.0,Diyala,Al-Khalis,Al Mansouriyah-Sherween,المنصورية-شروين,34.0547030321,44.8865097552,15.0,90.0,0.0,0.0,0.0,0.0,0.0,15.0,0.0,0.0,0.0,0.0,0.0,0.0,0.0,0.0,0.0,0.0,0.0,0.0,0.0,0.0,,,0.0,0.0,0.0,0.0,0.0,0.0,0.0,15.0,0.0,0.0,15.0,0.0,0.0,0.0,0.0,0.0,0.0,0.0,"Aug 13, 2015"
60,2401072.0,25669.0,Diyala,Al-Khalis,Somair village,قرية أسمير,34.05691902,44.8843525623,165.0,990.0,0.0,0.0,0.0,0.0,0.0,70.0,0.0,0.0,45.0,0.0,0.0,0.0,0.0,0.0,0.0,50.0,0.0,0.0,0.0,0.0,,,0.0,0.0,0.0,0.0,0.0,0.0,0.0,165.0,0.0,0.0,0.0,0.0,165.0,0.0,0.0,0.0,0.0,0.0,"Aug 13, 2015"
61,2402004.0,11358.0,Diyala,Al-Muqdadiya,Abo Dihin,ابو دهن,34.030392922,44.9439774672,95.0,570.0,0.0,0.0,0.0,0.0,0.0,95.0,0.0,0.0,0.0,0.0,0.0,0.0,0.0,0.0,0.0,0.0,0.0,0.0,0.0,95.0,,,0.0,0.0,0.0,0.0,0.0,0.0,0.0,0.0,0.0,0.0,95.0,0.0,0.0,0.0,0.0,0.0,0.0,0.0,"Aug 13, 2015"
62,2402005.0,25657.0,Diyala,Al-Muqdadiya,Abu musa village,قرية ابو موسى,34.0053907609,44.8785699216,195.0,1170.0,0.0,0.0,0.0,0.0,0.0,195.0,0.0,0.0,0.0,0.0,0.0,0.0,0.0,0.0,0.0,0.0,0.0,0.0,0.0,95.0,,,0.0,0.0,0.0,0.0,0.0,0.0,0.0,100.0,0.0,0.0,0.0,0.0,195.0,0.0,0.0,0.0,0.0,0.0,"Aug 13, 2015"
63,2402006.0,25981.0,Diyala,Al-Muqdadiya,Al Aali Village,قرية العالي,34.0424652,44.9594278,123.0,738.0,0.0,0.0,0.0,0.0,0.0,123.0,0.0,0.0,0.0,0.0,0.0,0.0,0.0,0.0,0.0,0.0,0.0,0.0,0.0,0.0,,,0.0,0.0,0.0,0.0,0.0,0.0,0.0,123.0,0.0,0.0,0.0,0.0,123.0,0.0,0.0,0.0,0.0,0.0,"Aug 13, 2015"
64,2402007.0,26028.0,Diyala,Al-Muqdadiya,Al-Arda village,قرية العردة,34.0304125322,44.9448909531,123.0,738.0,0.0,0.0,0.0,0.0,0.0,123.0,0.0,0.0,0.0,0.0,0.0,0.0,0.0,0.0,0.0,0.0,0.0,0.0,0.0,20.0,,,0.0,0.0,0.0,0.0,0.0,0.0,0.0,103.0,0.0,0.0,0.0,0.0,123.0,0.0,0.0,0.0,0.0,0.0,"Aug 13, 2015"
65,2402008.0,25660.0,Diyala,Al-Muqdadiya,Al Derwish Village,قرية الدرويش,34.0154835814,44.9090353827,93.0,558.0,55.0,0.0,0.0,0.0,0.0,28.0,0.0,0.0,0.0,0.0,0.0,0.0,0.0,0.0,0.0,10.0,0.0,0.0,0.0,55.0,,,0.0,0.0,0.0,0.0,0.0,0.0,0.0,38.0,0.0,0.0,0.0,0.0,93.0,0.0,0.0,0.0,0.0,0.0,"Aug 13, 2015"
66,2402009.0,26030.0,Diyala,Al-Muqdadiya,A Hammadi Village,قرية الحمادي,34.0309969784,44.9484617497,152.0,912.0,0.0,0.0,0.0,0.0,0.0,152.0,0.0,0.0,0.0,0.0,0.0,0.0,0.0,0.0,0.0,0.0,0.0,0.0,0.0,22.0,,,0.0,0.0,0.0,0.0,0.0,0.0,0.0,130.0,0.0,0.0,0.0,0.0,152.0,0.0,0.0,0.0,0.0,0.0,"Aug 13, 2015"
67,2402010.0,25825.0,Diyala,Al-Muqdadiya,Al Igaidat Village,قرية العكيدات,33.9921994,44.8769321,27.0,162.0,0.0,0.0,0.0,0.0,0.0,27.0,0.0,0.0,0.0,0.0,0.0,0.0,0.0,0.0,0.0,0.0,0.0,0.0,0.0,0.0,,,0.0,0.0,0.0,0.0,0.0,0.0,0.0,27.0,0.0,0.0,27.0,0.0,0.0,0.0,0.0,0.0,0.0,0.0,"Aug 13, 2015"
68,2402011.0,26032.0,Diyala,Al-Muqdadiya,Al-Gawam Village,قرية الكوام,34.0260921,44.9368354,54.0,324.0,0.0,0.0,0.0,0.0,0.0,54.0,0.0,0.0,0.0,0.0,0.0,0.0,0.0,0.0,0.0,0.0,0.0,0.0,0.0,10.0,,,0.0,0.0,0.0,0.0,0.0,0.0,0.0,44.0,0.0,0.0,0.0,0.0,54.0,0.0,0.0,0.0,0.0,0.0,"Aug 13, 2015"
69,2402012.0,25664.0,Diyala,Al-Muqdadiya,Al Lihayb Village,قرية اللهيب,34.0055887994,44.8797755964,170.0,1020.0,0.0,0.0,0.0,0.0,0.0,120.0,0.0,0.0,0.0,0.0,0.0,0.0,0.0,0.0,0.0,50.0,0.0,0.0,0.0,0.0,,,0.0,0.0,0.0,0.0,0.0,0.0,0.0,170.0,0.0,0.0,0.0,0.0,170.0,0.0,0.0,0.0,0.0,0.0,"Aug 13, 2015"
70,2402013.0,11414.0,Diyala,Al-Muqdadiya,Al Mithaq Village,قرية الميثاق,34.0059,44.947151394,60.0,360.0,0.0,0.0,0.0,0.0,0.0,40.0,0.0,0.0,0.0,0.0,0.0,0.0,0.0,0.0,0.0,20.0,0.0,0.0,0.0,30.0,,,0.0,0.0,0.0,0.0,0.0,0.0,0.0,30.0,0.0,0.0,0.0,0.0,60.0,0.0,0.0,0.0,0.0,0.0,"Aug 13, 2015"
71,2402014.0,11440.0,Diyala,Al-Muqdadiya,Al Qalaa Village,قرية القلعة,34.0149642094,44.959128406,379.0,2274.0,0.0,0.0,0.0,0.0,0.0,372.0,0.0,0.0,0.0,0.0,0.0,0.0,0.0,0.0,0.0,7.0,0.0,0.0,0.0,0.0,,,0.0,0.0,0.0,0.0,0.0,0.0,0.0,379.0,0.0,0.0,0.0,0.0,379.0,0.0,0.0,0.0,0.0,0.0,"Aug 13, 2015"
72,2402015.0,11307.0,Diyala,Al-Muqdadiya,Al Sakhar Village,قرية الصخر,34.01828,44.99717814,200.0,1200.0,0.0,0.0,0.0,0.0,0.0,200.0,0.0,0.0,0.0,0.0,0.0,0.0,0.0,0.0,0.0,0.0,0.0,0.0,0.0,90.0,,,0.0,0.0,0.0,0.0,0.0,0.0,0.0,110.0,0.0,0.0,0.0,0.0,200.0,0.0,0.0,0.0,0.0,0.0,"Aug 13, 2015"
73,2402018.0,25805.0,Diyala,Al-Muqdadiya,Al Somood Qtr,حي الصمود,33.9845664975,44.9420614741,160.0,960.0,0.0,0.0,0.0,0.0,0.0,160.0,0.0,0.0,0.0,0.0,0.0,0.0,0.0,0.0,0.0,0.0,0.0,0.0,0.0,0.0,,,0.0,0.0,0.0,0.0,0.0,0.0,0.0,160.0,0.0,0.0,160.0,0.0,0.0,0.0,0.0,0.0,0.0,0.0,"Aug 13, 2015"
74,2402019.0,11355.0,Diyala,Al-Muqdadiya,AlTaiha Qtr,قرية التايهة,34.0314131177,44.9453109662,151.0,906.0,0.0,0.0,0.0,0.0,0.0,151.0,0.0,0.0,0.0,0.0,0.0,0.0,0.0,0.0,0.0,0.0,0.0,0.0,0.0,0.0,,,0.0,0.0,0.0,0.0,0.0,0.0,0.0,151.0,0.0,0.0,0.0,0.0,151.0,0.0,0.0,0.0,0.0,0.0,"Aug 13, 2015"
75,2402020.0,25827.0,Diyala,Al-Muqdadiya,Al Tinaira Village,قرية الطنيرة,34.0644198,44.9632564,95.0,570.0,0.0,0.0,0.0,0.0,0.0,95.0,0.0,0.0,0.0,0.0,0.0,0.0,0.0,0.0,0.0,0.0,0.0,0.0,0.0,55.0,,,0.0,0.0,0.0,0.0,0.0,0.0,0.0,40.0,0.0,0.0,95.0,0.0,0.0,0.0,0.0,0.0,0.0,0.0,"Aug 13, 2015"
76,2402021.0,25663.0,Diyala,Al-Muqdadiya,Al Oqood Village,قرية العقود,34.03802,44.9839474094,80.0,480.0,0.0,0.0,0.0,0.0,0.0,80.0,0.0,0.0,0.0,0.0,0.0,0.0,0.0,0.0,0.0,0.0,0.0,0.0,0.0,20.0,,,0.0,0.0,0.0,0.0,0.0,0.0,0.0,60.0,0.0,0.0,0.0,0.0,80.0,0.0,0.0,0.0,0.0,0.0,"Aug 13, 2015"
77,2402022.0,25668.0,Diyala,Al-Muqdadiya,Al Wazan Village,قرية الوزان,34.03579,44.9843648581,44.0,264.0,0.0,0.0,0.0,0.0,0.0,44.0,0.0,0.0,0.0,0.0,0.0,0.0,0.0,0.0,0.0,0.0,0.0,0.0,0.0,14.0,,,0.0,0.0,0.0,0.0,0.0,0.0,0.0,30.0,0.0,0.0,0.0,0.0,44.0,0.0,0.0,0.0,0.0,0.0,"Aug 13, 2015"
78,2402023.0,11179.0,Diyala,Al-Muqdadiya,Baloor Village,قرية بلور,33.983383,44.9343511938,314.0,1884.0,0.0,0.0,0.0,0.0,0.0,314.0,0.0,0.0,0.0,0.0,0.0,0.0,0.0,0.0,0.0,0.0,0.0,0.0,0.0,314.0,,,0.0,0.0,0.0,0.0,0.0,0.0,0.0,0.0,0.0,0.0,314.0,0.0,0.0,0.0,0.0,0.0,0.0,0.0,"Aug 13, 2015"
79,2402024.0,25674.0,Diyala,Al-Muqdadiya,Haj fadhil village,قرية حاج فاضل,34.0021439707,44.8780749541,26.0,156.0,0.0,0.0,0.0,0.0,0.0,16.0,0.0,0.0,0.0,0.0,0.0,0.0,0.0,0.0,0.0,10.0,0.0,0.0,0.0,0.0,,,0.0,0.0,0.0,0.0,0.0,0.0,0.0,26.0,0.0,0.0,0.0,0.0,26.0,0.0,0.0,0.0,0.0,0.0,"Aug 13, 2015"
80,2402025.0,25675.0,Diyala,Al-Muqdadiya,Hamada village,قرية حمادة,34.0112460875,44.9005858115,175.0,1050.0,0.0,0.0,0.0,0.0,0.0,149.0,0.0,0.0,0.0,0.0,0.0,0.0,0.0,0.0,0.0,26.0,0.0,0.0,0.0,72.0,,,0.0,0.0,0.0,0.0,0.0,0.0,0.0,103.0,0.0,0.0,0.0,0.0,175.0,0.0,0.0,0.0,0.0,0.0,"Aug 13, 2015"
81,2402026.0,25802.0,Diyala,Al-Muqdadiya,Al Karama Qtr,حي الكرامة,33.9819595317,44.9305420822,20.0,120.0,0.0,0.0,0.0,0.0,0.0,20.0,0.0,0.0,0.0,0.0,0.0,0.0,0.0,0.0,0.0,0.0,0.0,0.0,0.0,20.0,,,0.0,0.0,0.0,0.0,0.0,0.0,0.0,0.0,0.0,0.0,20.0,0.0,0.0,0.0,0.0,0.0,0.0,0.0,"Aug 13, 2015"
82,2402027.0,25804.0,Diyala,Al-Muqdadiya,Al Mataar Qtr,حي المطار,33.989437009,44.949544313,380.0,2280.0,0.0,0.0,0.0,0.0,0.0,380.0,0.0,0.0,0.0,0.0,0.0,0.0,0.0,0.0,0.0,0.0,0.0,0.0,0.0,210.0,,,0.0,0.0,0.0,0.0,0.0,95.0,0.0,75.0,0.0,0.0,380.0,0.0,0.0,0.0,0.0,0.0,0.0,0.0,"Aug 13, 2015"
83,2402028.0,25801.0,Diyala,Al-Muqdadiya,Al Noor Qtr,حي النور,33.97659,44.9321187882,25.0,150.0,0.0,0.0,0.0,0.0,0.0,25.0,0.0,0.0,0.0,0.0,0.0,0.0,0.0,0.0,0.0,0.0,0.0,0.0,0.0,25.0,,,0.0,0.0,0.0,0.0,0.0,0.0,0.0,0.0,0.0,0.0,25.0,0.0,0.0,0.0,0.0,0.0,0.0,0.0,"Aug 13, 2015"
84,2402029.0,25803.0,Diyala,Al-Muqdadiya,Al Sooq Qtr,حي السوق,33.97539,44.9302413709,23.0,138.0,0.0,0.0,0.0,0.0,0.0,23.0,0.0,0.0,0.0,0.0,0.0,0.0,0.0,0.0,0.0,0.0,0.0,0.0,0.0,23.0,,,0.0,0.0,0.0,0.0,0.0,0.0,0.0,0.0,0.0,0.0,23.0,0.0,0.0,0.0,0.0,0.0,0.0,0.0,"Aug 13, 2015"
85,2402030.0,25826.0,Diyala,Al-Muqdadiya,Al Uroba Qtr,حي العروبة,33.98346,44.9383385233,67.0,402.0,0.0,0.0,0.0,0.0,0.0,67.0,0.0,0.0,0.0,0.0,0.0,0.0,0.0,0.0,0.0,0.0,0.0,0.0,0.0,67.0,,,0.0,0.0,0.0,0.0,0.0,0.0,0.0,0.0,0.0,0.0,67.0,0.0,0.0,0.0,0.0,0.0,0.0,0.0,"Aug 13, 2015"
86,2402031.0,26026.0,Diyala,Al-Muqdadiya,Hembes Village,قرية حمبس,34.0264560421,44.9280569803,123.0,738.0,0.0,0.0,0.0,0.0,0.0,123.0,0.0,0.0,0.0,0.0,0.0,0.0,0.0,0.0,0.0,0.0,0.0,0.0,0.0,23.0,,,0.0,0.0,0.0,0.0,0.0,0.0,0.0,100.0,0.0,0.0,0.0,0.0,123.0,0.0,0.0,0.0,0.0,0.0,"Aug 13, 2015"
87,2402032.0,11327.0,Diyala,Al-Muqdadiya,Imam Talib Village,قرية امام طالب,34.0401674177,44.9883036672,200.0,1200.0,0.0,0.0,0.0,0.0,0.0,110.0,0.0,0.0,0.0,0.0,0.0,0.0,0.0,0.0,0.0,90.0,0.0,0.0,0.0,90.0,,,0.0,0.0,0.0,0.0,0.0,0.0,0.0,110.0,0.0,0.0,0.0,0.0,200.0,0.0,0.0,0.0,0.0,0.0,"Aug 13, 2015"
88,2402033.0,25982.0,Diyala,Al-Muqdadiya,Izham village,قرية زحام,34.0548033644,44.9448569128,193.0,1158.0,0.0,0.0,0.0,0.0,0.0,193.0,0.0,0.0,0.0,0.0,0.0,0.0,0.0,0.0,0.0,0.0,0.0,0.0,0.0,0.0,,,0.0,0.0,0.0,0.0,0.0,0.0,0.0,193.0,0.0,0.0,0.0,0.0,193.0,0.0,0.0,0.0,0.0,0.0,"Aug 13, 2015"
89,2402035.0,21308.0,Diyala,Al-Muqdadiya,Mahalat Door Al-Dhubbat,محلة دور الضباط,33.9903596405,44.9488402386,24.0,144.0,0.0,0.0,0.0,0.0,0.0,24.0,0.0,0.0,0.0,0.0,0.0,0.0,0.0,0.0,0.0,0.0,0.0,0.0,0.0,24.0,,,0.0,0.0,0.0,0.0,0.0,0.0,0.0,0.0,0.0,0.0,24.0,0.0,0.0,0.0,0.0,0.0,0.0,0.0,"Aug 13, 2015"
90,2402036.0,25685.0,Diyala,Al-Muqdadiya,Nahr Al Shaykh Village,قرية نهر الشيخ,33.9981643516,44.9751845079,177.0,1062.0,0.0,0.0,0.0,0.0,0.0,177.0,0.0,0.0,0.0,0.0,0.0,0.0,0.0,0.0,0.0,0.0,0.0,0.0,0.0,107.0,,,0.0,0.0,0.0,0.0,0.0,0.0,0.0,70.0,0.0,0.0,0.0,0.0,177.0,0.0,0.0,0.0,0.0,0.0,"Aug 13, 2015"
91,2402037.0,25948.0,Diyala,Al-Muqdadiya,Nofal village,قرية نوفل,34.04846,44.9826038779,220.0,1320.0,0.0,0.0,0.0,0.0,0.0,220.0,0.0,0.0,0.0,0.0,0.0,0.0,0.0,0.0,0.0,0.0,0.0,0.0,0.0,100.0,,,0.0,0.0,0.0,0.0,0.0,0.0,0.0,120.0,0.0,0.0,0.0,0.0,220.0,0.0,0.0,0.0,0.0,0.0,"Aug 13, 2015"
92,2402038.0,26029.0,Diyala,Al-Muqdadiya,Parwana village,قرية بروانة,33.9913,44.8670893296,162.0,972.0,0.0,0.0,0.0,0.0,0.0,162.0,0.0,0.0,0.0,0.0,0.0,0.0,0.0,0.0,0.0,0.0,0.0,0.0,0.0,12.0,,,0.0,0.0,0.0,0.0,0.0,0.0,0.0,150.0,0.0,0.0,0.0,0.0,162.0,0.0,0.0,0.0,0.0,0.0,"Aug 13, 2015"
93,2402040.0,26027.0,Diyala,Al-Muqdadiya,Al Shamamla Village,قرية الشماملة,34.0353464503,44.9740975793,22.0,132.0,0.0,0.0,0.0,0.0,0.0,22.0,0.0,0.0,0.0,0.0,0.0,0.0,0.0,0.0,0.0,0.0,0.0,0.0,0.0,0.0,,,0.0,0.0,0.0,0.0,0.0,0.0,0.0,22.0,0.0,0.0,0.0,0.0,22.0,0.0,0.0,0.0,0.0,0.0,"Aug 13, 2015"
94,2402041.0,26031.0,Diyala,Al-Muqdadiya,Shamarkhi village,قرية شمرخي,34.03704,44.9276642879,35.0,210.0,0.0,0.0,0.0,0.0,0.0,35.0,0.0,0.0,0.0,0.0,0.0,0.0,0.0,0.0,0.0,0.0,0.0,0.0,0.0,0.0,,,0.0,0.0,0.0,0.0,0.0,0.0,0.0,35.0,0.0,0.0,0.0,0.0,35.0,0.0,0.0,0.0,0.0,0.0,"Aug 13, 2015"
95,2402042.0,11287.0,Diyala,Al-Muqdadiya,Shok Al Reem village,قرية شوك الريم,34.0032062706,44.9885047382,319.0,1914.0,0.0,0.0,0.0,0.0,0.0,219.0,0.0,0.0,0.0,0.0,0.0,0.0,0.0,0.0,0.0,100.0,0.0,0.0,0.0,64.0,,,0.0,0.0,0.0,0.0,0.0,0.0,0.0,255.0,0.0,0.0,0.0,0.0,319.0,0.0,0.0,0.0,0.0,0.0,"Aug 13, 2015"
96,2402043.0,23131.0,Diyala,Al-Muqdadiya,Sinsil Al Wasat Village,قرية سنسل الوسط,34.0208901743,44.9270549063,14.0,84.0,0.0,0.0,0.0,0.0,0.0,14.0,0.0,0.0,0.0,0.0,0.0,0.0,0.0,0.0,0.0,0.0,0.0,0.0,0.0,0.0,,,0.0,0.0,0.0,0.0,0.0,0.0,0.0,14.0,0.0,0.0,0.0,0.0,14.0,0.0,0.0,0.0,0.0,0.0,"Aug 13, 2015"
97,2402044.0,25679.0,Diyala,Al-Muqdadiya,Skheyr village,قرية سخير,34.0237590005,44.9963138687,140.0,840.0,0.0,0.0,0.0,0.0,0.0,140.0,0.0,0.0,0.0,0.0,0.0,0.0,0.0,0.0,0.0,0.0,0.0,0.0,0.0,40.0,,,0.0,0.0,0.0,0.0,0.0,0.0,0.0,100.0,0.0,0.0,0.0,0.0,140.0,0.0,0.0,0.0,0.0,0.0,"Aug 13, 2015"
98,2405072.0,25702.0,Diyala,Khanaqin,Al Husaini Village,قرية الحصيني,34.3111068708,45.1629218481,220.0,1320.0,0.0,0.0,0.0,0.0,0.0,120.0,0.0,0.0,40.0,0.0,0.0,0.0,0.0,0.0,0.0,60.0,0.0,0.0,0.0,0.0,,,0.0,0.0,0.0,0.0,0.0,0.0,0.0,220.0,0.0,0.0,0.0,0.0,220.0,0.0,0.0,0.0,0.0,0.0,"Aug 13, 2015"
99,2405074.0,25983.0,Diyala,Khanaqin,Al Rabe Al Olaa Qtr,حي الربيع الاولى,34.1925345728,45.1259361853,117.0,702.0,0.0,0.0,0.0,0.0,0.0,117.0,0.0,0.0,0.0,0.0,0.0,0.0,0.0,0.0,0.0,0.0,0.0,0.0,0.0,40.0,,,0.0,0.0,0.0,0.0,0.0,0.0,0.0,77.0,0.0,0.0,117.0,0.0,0.0,0.0,0.0,0.0,0.0,0.0,"Aug 13, 2015"
100,2406003.0,25703.0,Diyala,Kifri,Al Nitham village,قرية النظام,34.4135016691,44.926613649,200.0,1200.0,0.0,0.0,0.0,0.0,0.0,200.0,0.0,0.0,0.0,0.0,0.0,0.0,0.0,0.0,0.0,0.0,0.0,0.0,0.0,0.0,,,0.0,0.0,0.0,0.0,0.0,0.0,0.0,200.0,0.0,0.0,0.0,0.0,200.0,0.0,0.0,0.0,0.0,0.0,"Aug 13, 2015"
101,2603036.0,14644.0,Kirkuk,Kirkuk,Mala Abdullah,ملا عبدالله,35.46,44.1,180.0,1080.0,0.0,0.0,0.0,0.0,0.0,0.0,0.0,0.0,180.0,0.0,0.0,0.0,0.0,0.0,0.0,0.0,0.0,0.0,0.0,0.0,,,0.0,0.0,180.0,0.0,0.0,0.0,0.0,0.0,0.0,0.0,0.0,0.0,180.0,0.0,0.0,0.0,0.0,0.0,"Aug 13, 2015"
102,2603056.0,25708.0,Kirkuk,Kirkuk,Al Hendia,قرية الهندية,35.4552425654,44.1738493677,325.0,1950.0,0.0,0.0,0.0,0.0,0.0,0.0,0.0,0.0,325.0,0.0,0.0,0.0,0.0,0.0,0.0,0.0,0.0,0.0,0.0,0.0,,,0.0,0.0,325.0,0.0,0.0,0.0,0.0,0.0,0.0,0.0,0.0,0.0,325.0,0.0,0.0,0.0,0.0,0.0,"Aug 13, 2015"
103,2603057.0,14520.0,Kirkuk,Kirkuk,Idris khabbaz,ادريس خباز,35.48956,44.1591522495,135.0,810.0,0.0,0.0,0.0,0.0,0.0,0.0,0.0,0.0,135.0,0.0,0.0,0.0,0.0,0.0,0.0,0.0,0.0,0.0,0.0,0.0,,,0.0,0.0,135.0,0.0,0.0,0.0,0.0,0.0,0.0,0.0,0.0,0.0,135.0,0.0,0.0,0.0,0.0,0.0,"Aug 13, 2015"
104,2603058.0,15363.0,Kirkuk,Kirkuk,Adris khazal,ادريس خزعل,35.472868,44.1483373422,118.0,708.0,0.0,0.0,0.0,0.0,0.0,0.0,0.0,0.0,118.0,0.0,0.0,0.0,0.0,0.0,0.0,0.0,0.0,0.0,0.0,0.0,,,0.0,0.0,118.0,0.0,0.0,0.0,0.0,0.0,0.0,0.0,0.0,0.0,118.0,0.0,0.0,0.0,0.0,0.0,"Aug 13, 2015"
105,2706078.0,25811.0,Ninewa,Mosul,Al-Alfaf complex,مجمع الالفاف,36.486483,43.429377,3.0,18.0,0.0,0.0,0.0,0.0,3.0,0.0,0.0,0.0,0.0,0.0,0.0,0.0,0.0,0.0,0.0,0.0,0.0,0.0,0.0,3.0,,,0.0,0.0,0.0,0.0,0.0,0.0,0.0,0.0,0.0,0.0,0.0,3.0,0.0,0.0,0.0,0.0,0.0,0.0,"Aug 13, 2015"
106,2706079.0,25812.0,Ninewa,Mosul,Al Baraka complex,مجمع البركة,36.47234221,43.4353635234,3.0,18.0,0.0,0.0,0.0,0.0,3.0,0.0,0.0,0.0,0.0,0.0,0.0,0.0,0.0,0.0,0.0,0.0,0.0,0.0,0.0,3.0,,,0.0,0.0,0.0,0.0,0.0,0.0,0.0,0.0,0.0,0.0,0.0,3.0,0.0,0.0,0.0,0.0,0.0,0.0,"Aug 13, 2015"
107,2706080.0,25813.0,Ninewa,Mosul,Maghara,مغارة,36.49313705,43.4240537805,7.0,42.0,0.0,0.0,0.0,0.0,7.0,0.0,0.0,0.0,0.0,0.0,0.0,0.0,0.0,0.0,0.0,0.0,0.0,0.0,0.0,7.0,,,0.0,0.0,0.0,0.0,0.0,0.0,0.0,0.0,0.0,0.0,0.0,7.0,0.0,0.0,0.0,0.0,0.0,0.0,"Aug 13, 2015"
108,2706081.0,25810.0,Ninewa,Mosul,Merki,ميركي,36.47873242,43.4398097431,60.0,360.0,0.0,0.0,0.0,0.0,45.0,0.0,15.0,0.0,0.0,0.0,0.0,0.0,0.0,0.0,0.0,0.0,0.0,0.0,0.0,60.0,,,0.0,0.0,0.0,0.0,0.0,0.0,0.0,0.0,0.0,0.0,0.0,60.0,0.0,0.0,0.0,0.0,0.0,0.0,"Aug 13, 2015"
109,2708005.0,24906.0,Ninewa,Telafar,Ein Alhilwa,قرية عين الحلوة,36.5926503266,42.6139763325,90.0,540.0,0.0,0.0,0.0,0.0,85.0,0.0,0.0,0.0,0.0,0.0,0.0,0.0,5.0,0.0,0.0,0.0,0.0,0.0,0.0,90.0,,,0.0,0.0,0.0,0.0,0.0,0.0,0.0,0.0,0.0,0.0,0.0,90.0,0.0,0.0,0.0,0.0,0.0,0.0,"Aug 13, 2015"
110,2708006.0,18305.0,Ninewa,Telafar,Hay Al Muthana,حي المثنى,36.380954,42.454283,10.0,60.0,0.0,0.0,0.0,0.0,0.0,0.0,0.0,0.0,0.0,0.0,0.0,0.0,10.0,0.0,0.0,0.0,0.0,0.0,0.0,10.0,,,0.0,0.0,0.0,0.0,0.0,0.0,0.0,0.0,0.0,0.0,0.0,10.0,0.0,0.0,0.0,0.0,0.0,0.0,"Aug 13, 2015"
111,2708007.0,18309.0,Ninewa,Telafar,Hay Al Uroba,حي العروبة,36.3773714,42.4572373,20.0,120.0,0.0,0.0,0.0,0.0,0.0,0.0,0.0,0.0,0.0,0.0,0.0,0.0,20.0,0.0,0.0,0.0,0.0,0.0,0.0,20.0,,,0.0,0.0,0.0,0.0,0.0,0.0,0.0,0.0,0.0,0.0,0.0,20.0,0.0,0.0,0.0,0.0,0.0,0.0,"Aug 13, 2015"
112,2708008.0,22448.0,Ninewa,Telafar,Kahreez,كهريز,36.5596219389,42.574689973,805.0,4830.0,0.0,0.0,0.0,0.0,805.0,0.0,0.0,0.0,0.0,0.0,0.0,0.0,0.0,0.0,0.0,0.0,0.0,0.0,0.0,805.0,,,0.0,0.0,0.0,0.0,0.0,0.0,0.0,0.0,0.0,0.0,0.0,805.0,0.0,0.0,0.0,0.0,0.0,0.0,"Aug 13, 2015"
113,2708011.0,25944.0,Ninewa,Telafar,Qasabat Zummar,قصبة زمار,36.6559975704,42.5980133829,700.0,4200.0,0.0,0.0,0.0,0.0,690.0,0.0,0.0,0.0,0.0,0.0,0.0,0.0,10.0,0.0,0.0,0.0,0.0,0.0,0.0,300.0,,,0.0,0.0,0.0,0.0,0.0,0.0,0.0,400.0,0.0,0.0,0.0,700.0,0.0,0.0,0.0,0.0,0.0,0.0,"Aug 13, 2015"
114,2708014.0,25819.0,Ninewa,Telafar,Telafar-Al Noor,حي النور,36.383069,42.470675,53.0,318.0,0.0,0.0,0.0,0.0,0.0,0.0,0.0,0.0,0.0,0.0,0.0,0.0,53.0,0.0,0.0,0.0,0.0,0.0,0.0,53.0,,,0.0,0.0,0.0,0.0,0.0,0.0,0.0,0.0,0.0,0.0,0.0,53.0,0.0,0.0,0.0,0.0,0.0,0.0,"Aug 13, 2015"
115,2708021.0,17645.0,Ninewa,Telafar,Abtakh,ابتاخ,36.5211080996,42.0834849172,28.0,168.0,0.0,0.0,0.0,0.0,0.0,0.0,0.0,0.0,0.0,0.0,0.0,0.0,28.0,0.0,0.0,0.0,0.0,0.0,0.0,28.0,,,0.0,0.0,0.0,0.0,0.0,0.0,0.0,0.0,0.0,0.0,0.0,28.0,0.0,0.0,0.0,0.0,0.0,0.0,"Aug 13, 2015"
116,2708022.0,17746.0,Ninewa,Telafar,Ain Hilwa Upper,قرية عين حلوة العليا,36.6036303678,42.6246294352,231.0,1386.0,0.0,0.0,0.0,0.0,231.0,0.0,0.0,0.0,0.0,0.0,0.0,0.0,0.0,0.0,0.0,0.0,0.0,0.0,0.0,231.0,,,0.0,0.0,0.0,0.0,0.0,0.0,0.0,0.0,0.0,0.0,0.0,231.0,0.0,0.0,0.0,0.0,0.0,0.0,"Aug 13, 2015"
117,2708023.0,25920.0,Ninewa,Telafar,Al Qahera Village,قرية القاهرة,36.908096,42.208337,22.0,132.0,0.0,0.0,0.0,0.0,0.0,0.0,0.0,0.0,0.0,0.0,0.0,0.0,22.0,0.0,0.0,0.0,0.0,0.0,0.0,22.0,,,0.0,0.0,0.0,0.0,0.0,0.0,0.0,0.0,0.0,0.0,0.0,22.0,0.0,0.0,0.0,0.0,0.0,0.0,"Aug 13, 2015"
118,2708024.0,25690.0,Ninewa,Telafar,Ein Gahesheya Village,قرية عين جحيشية,36.60094639,42.6443112491,65.0,390.0,0.0,0.0,0.0,0.0,65.0,0.0,0.0,0.0,0.0,0.0,0.0,0.0,0.0,0.0,0.0,0.0,0.0,0.0,0.0,65.0,,,0.0,0.0,0.0,0.0,0.0,0.0,0.0,0.0,0.0,0.0,0.0,65.0,0.0,0.0,0.0,0.0,0.0,0.0,"Aug 13, 2015"
119,2708025.0,25980.0,Ninewa,Telafar,Gilbarat Village,قرية جلبارات,36.8275066556,42.1395246963,85.0,510.0,0.0,0.0,0.0,0.0,0.0,0.0,0.0,0.0,0.0,0.0,0.0,0.0,85.0,0.0,0.0,0.0,0.0,0.0,0.0,85.0,,,0.0,0.0,0.0,0.0,0.0,0.0,0.0,0.0,0.0,0.0,0.0,85.0,0.0,0.0,0.0,0.0,0.0,0.0,"Aug 13, 2015"
120,2708026.0,18308.0,Ninewa,Telafar,Hay Al Askari,حي العسكري,36.8024619147,42.0971544774,804.0,4824.0,0.0,0.0,0.0,0.0,0.0,0.0,0.0,0.0,0.0,0.0,0.0,0.0,804.0,0.0,0.0,0.0,0.0,0.0,0.0,804.0,,,0.0,0.0,0.0,0.0,0.0,0.0,0.0,0.0,0.0,0.0,0.0,804.0,0.0,0.0,0.0,0.0,0.0,0.0,"Aug 13, 2015"
121,2708027.0,25686.0,Ninewa,Telafar,Hay Al Arbaeen,حي الاربعين,36.80605796,42.0861918791,95.0,570.0,0.0,0.0,0.0,0.0,0.0,0.0,0.0,0.0,0.0,0.0,0.0,0.0,95.0,0.0,0.0,0.0,0.0,0.0,0.0,95.0,,,0.0,0.0,0.0,0.0,0.0,0.0,0.0,0.0,0.0,0.0,0.0,95.0,0.0,0.0,0.0,0.0,0.0,0.0,"Aug 13, 2015"
122,2708028.0,25808.0,Ninewa,Telafar,Hay Alasreya,حي العصرية,36.80441,42.088101,395.0,2370.0,0.0,0.0,0.0,0.0,0.0,0.0,0.0,0.0,0.0,0.0,0.0,0.0,395.0,0.0,0.0,0.0,0.0,0.0,0.0,395.0,,,0.0,0.0,0.0,0.0,0.0,0.0,0.0,0.0,0.0,0.0,0.0,395.0,0.0,0.0,0.0,0.0,0.0,0.0,"Aug 13, 2015"
123,2708029.0,25807.0,Ninewa,Telafar,Hay althahabe,الحي الذهبي,36.8017092502,42.0945875453,71.0,426.0,0.0,0.0,0.0,0.0,0.0,0.0,0.0,0.0,0.0,0.0,0.0,0.0,71.0,0.0,0.0,0.0,0.0,0.0,0.0,71.0,,,0.0,0.0,0.0,0.0,0.0,0.0,0.0,0.0,0.0,0.0,0.0,71.0,0.0,0.0,0.0,0.0,0.0,0.0,"Aug 13, 2015"
124,2708030.0,24701.0,Ninewa,Telafar,Hay Al laban,حي اللبن,36.8084919913,42.0901615686,170.0,1020.0,0.0,0.0,0.0,0.0,0.0,0.0,0.0,0.0,0.0,0.0,0.0,0.0,170.0,0.0,0.0,0.0,0.0,0.0,0.0,170.0,,,0.0,0.0,0.0,0.0,0.0,0.0,0.0,0.0,0.0,0.0,0.0,170.0,0.0,0.0,0.0,0.0,0.0,0.0,"Aug 13, 2015"
125,2708031.0,18304.0,Ninewa,Telafar,Hay Al-Mualemen,حي المعلمين,36.3672,42.4332898,25.0,150.0,0.0,0.0,0.0,0.0,0.0,0.0,0.0,0.0,0.0,0.0,0.0,0.0,25.0,0.0,0.0,0.0,0.0,0.0,0.0,25.0,,,0.0,0.0,0.0,0.0,0.0,0.0,0.0,0.0,0.0,0.0,0.0,25.0,0.0,0.0,0.0,0.0,0.0,0.0,"Aug 13, 2015"
126,2708032.0,25688.0,Ninewa,Telafar,Hay Al Qadisya,حي القادسية,36.8081581141,42.0837072961,335.0,2010.0,0.0,0.0,0.0,0.0,0.0,0.0,0.0,0.0,0.0,0.0,0.0,0.0,335.0,0.0,0.0,0.0,0.0,0.0,0.0,335.0,,,0.0,0.0,0.0,0.0,0.0,0.0,0.0,0.0,0.0,0.0,0.0,335.0,0.0,0.0,0.0,0.0,0.0,0.0,"Aug 13, 2015"
127,2708033.0,18303.0,Ninewa,Telafar,Hay Al Salam,حي السلام,36.389159,42.462821,16.0,96.0,0.0,0.0,0.0,0.0,0.0,0.0,0.0,0.0,0.0,0.0,0.0,0.0,16.0,0.0,0.0,0.0,0.0,0.0,0.0,16.0,,,0.0,0.0,0.0,0.0,0.0,0.0,0.0,0.0,0.0,0.0,0.0,16.0,0.0,0.0,0.0,0.0,0.0,0.0,"Aug 13, 2015"
128,2708034.0,25687.0,Ninewa,Telafar,Hay Al Sikak,حي السكك,36.7993063325,42.0937826563,78.0,468.0,0.0,0.0,0.0,0.0,0.0,0.0,0.0,0.0,0.0,0.0,0.0,0.0,78.0,0.0,0.0,0.0,0.0,0.0,0.0,78.0,,,0.0,0.0,0.0,0.0,0.0,0.0,0.0,0.0,0.0,0.0,0.0,78.0,0.0,0.0,0.0,0.0,0.0,0.0,"Aug 13, 2015"
129,2708035.0,17580.0,Ninewa,Telafar,Jussa,قرية جصة,36.59552802,42.680299286,345.0,2070.0,0.0,0.0,0.0,0.0,203.0,0.0,0.0,0.0,0.0,0.0,0.0,0.0,142.0,0.0,0.0,0.0,0.0,0.0,0.0,345.0,,,0.0,0.0,0.0,0.0,0.0,0.0,0.0,0.0,0.0,0.0,0.0,345.0,0.0,0.0,0.0,0.0,0.0,0.0,"Aug 13, 2015"
130,2708036.0,25692.0,Ninewa,Telafar,Karash village 1,قرية كرش 1,36.5489,42.4878,30.0,180.0,0.0,0.0,0.0,0.0,30.0,0.0,0.0,0.0,0.0,0.0,0.0,0.0,0.0,0.0,0.0,0.0,0.0,0.0,0.0,30.0,,,0.0,0.0,0.0,0.0,0.0,0.0,0.0,0.0,0.0,0.0,0.0,30.0,0.0,0.0,0.0,0.0,0.0,0.0,"Aug 13, 2015"
131,2708037.0,25693.0,Ninewa,Telafar,Karash village 2,قرية كرش 2,36.54602806,42.4779216363,50.0,300.0,0.0,0.0,0.0,0.0,50.0,0.0,0.0,0.0,0.0,0.0,0.0,0.0,0.0,0.0,0.0,0.0,0.0,0.0,0.0,50.0,,,0.0,0.0,0.0,0.0,0.0,0.0,0.0,0.0,0.0,0.0,0.0,50.0,0.0,0.0,0.0,0.0,0.0,0.0,"Aug 13, 2015"
132,2708038.0,25694.0,Ninewa,Telafar,Karash village 3,قرية كرش 3,36.548579,42.463605122,100.0,600.0,0.0,0.0,0.0,0.0,100.0,0.0,0.0,0.0,0.0,0.0,0.0,0.0,0.0,0.0,0.0,0.0,0.0,0.0,0.0,100.0,,,0.0,0.0,0.0,0.0,0.0,0.0,0.0,0.0,0.0,0.0,0.0,100.0,0.0,0.0,0.0,0.0,0.0,0.0,"Aug 13, 2015"
133,2708055.0,25695.0,Ninewa,Telafar,kirver village,قرية كرفر,36.6882349707,42.5955943725,683.0,4098.0,0.0,0.0,0.0,0.0,683.0,0.0,0.0,0.0,0.0,0.0,0.0,0.0,0.0,0.0,0.0,0.0,0.0,0.0,0.0,683.0,,,0.0,0.0,0.0,0.0,0.0,0.0,0.0,0.0,0.0,0.0,0.0,683.0,0.0,0.0,0.0,0.0,0.0,0.0,"Aug 13, 2015"
134,2708040.0,25691.0,Ninewa,Telafar,Gul Mohamed village,قرية كول محمد,36.545873,42.4451369355,70.0,420.0,0.0,0.0,0.0,0.0,70.0,0.0,0.0,0.0,0.0,0.0,0.0,0.0,0.0,0.0,0.0,0.0,0.0,0.0,0.0,70.0,,,0.0,0.0,0.0,0.0,0.0,0.0,0.0,0.0,0.0,0.0,0.0,70.0,0.0,0.0,0.0,0.0,0.0,0.0,"Aug 13, 2015"
135,2708041.0,22446.0,Ninewa,Telafar,Al Mafri,قرية مفري,36.60934422,42.5719969699,360.0,2160.0,0.0,0.0,0.0,0.0,360.0,0.0,0.0,0.0,0.0,0.0,0.0,0.0,0.0,0.0,0.0,0.0,0.0,0.0,0.0,360.0,,,0.0,0.0,0.0,0.0,0.0,0.0,0.0,0.0,0.0,0.0,0.0,360.0,0.0,0.0,0.0,0.0,0.0,0.0,"Aug 13, 2015"
136,2708042.0,17650.0,Ninewa,Telafar,Mahmudiya,محمودية,36.87,42.18,35.0,210.0,0.0,0.0,0.0,0.0,0.0,0.0,0.0,0.0,0.0,0.0,0.0,0.0,35.0,0.0,0.0,0.0,0.0,0.0,0.0,35.0,,,0.0,0.0,0.0,0.0,0.0,0.0,0.0,0.0,0.0,0.0,0.0,35.0,0.0,0.0,0.0,0.0,0.0,0.0,"Aug 13, 2015"
137,2708043.0,17663.0,Ninewa,Telafar,Mashraf,مشرف,36.81314919,42.263397008,97.0,582.0,0.0,0.0,0.0,0.0,0.0,0.0,0.0,0.0,0.0,0.0,0.0,0.0,97.0,0.0,0.0,0.0,0.0,0.0,0.0,97.0,,,0.0,0.0,0.0,0.0,0.0,0.0,0.0,0.0,0.0,0.0,0.0,97.0,0.0,0.0,0.0,0.0,0.0,0.0,"Aug 13, 2015"
138,2708044.0,25893.0,Ninewa,Telafar,Msherfa Village,قرية مشيرفة,36.7649008136,42.0648114573,218.0,1308.0,0.0,0.0,0.0,0.0,0.0,0.0,0.0,0.0,0.0,0.0,0.0,0.0,218.0,0.0,0.0,0.0,0.0,0.0,0.0,218.0,,,0.0,0.0,0.0,0.0,0.0,0.0,0.0,0.0,0.0,0.0,0.0,218.0,0.0,0.0,0.0,0.0,0.0,0.0,"Aug 13, 2015"
139,2708045.0,17617.0,Ninewa,Telafar,Qasr Sarij,قرية قسرصريج,36.55342282,42.5114082432,835.0,5010.0,0.0,0.0,0.0,0.0,770.0,0.0,0.0,0.0,0.0,0.0,0.0,0.0,65.0,0.0,0.0,0.0,0.0,0.0,0.0,835.0,,,0.0,0.0,0.0,0.0,0.0,0.0,0.0,0.0,0.0,0.0,0.0,835.0,0.0,0.0,0.0,0.0,0.0,0.0,"Aug 13, 2015"
140,2708046.0,25689.0,Ninewa,Telafar,Sahel Hamad Village,ساحل حمد,36.578,42.644,38.0,228.0,0.0,0.0,0.0,0.0,38.0,0.0,0.0,0.0,0.0,0.0,0.0,0.0,0.0,0.0,0.0,0.0,0.0,0.0,0.0,38.0,,,0.0,0.0,0.0,0.0,0.0,0.0,0.0,0.0,0.0,0.0,0.0,38.0,0.0,0.0,0.0,0.0,0.0,0.0,"Aug 13, 2015"
141,2708047.0,17614.0,Ninewa,Telafar,Tal Ismair,قرية تل سمير,36.7503097006,42.1712018441,38.0,228.0,0.0,0.0,0.0,0.0,0.0,0.0,0.0,0.0,0.0,0.0,0.0,0.0,38.0,0.0,0.0,0.0,0.0,0.0,0.0,38.0,,,0.0,0.0,0.0,0.0,0.0,0.0,0.0,0.0,0.0,0.0,0.0,38.0,0.0,0.0,0.0,0.0,0.0,0.0,"Aug 13, 2015"
142,2708048.0,22799.0,Ninewa,Telafar,Qaryat Tal Maraq Al Sufla,قرية تل مرك سفلى,36.59377779,42.5234261508,220.0,1320.0,0.0,0.0,0.0,0.0,200.0,0.0,0.0,0.0,0.0,0.0,0.0,0.0,20.0,0.0,0.0,0.0,0.0,0.0,0.0,220.0,,,0.0,0.0,0.0,0.0,0.0,0.0,0.0,0.0,0.0,0.0,0.0,220.0,0.0,0.0,0.0,0.0,0.0,0.0,"Aug 13, 2015"
143,2708049.0,25704.0,Ninewa,Telafar,Qaryat Tal Maraq Ulya,قرية تل مرك عليا,36.60933279,42.5363614583,163.0,978.0,0.0,0.0,0.0,0.0,163.0,0.0,0.0,0.0,0.0,0.0,0.0,0.0,0.0,0.0,0.0,0.0,0.0,0.0,0.0,163.0,,,0.0,0.0,0.0,0.0,0.0,0.0,0.0,0.0,0.0,0.0,0.0,163.0,0.0,0.0,0.0,0.0,0.0,0.0,"Aug 13, 2015"
144,2708050.0,17944.0,Ninewa,Telafar,Tal Mus,قرية تل موس,36.6294612137,42.5984674374,750.0,4500.0,0.0,0.0,0.0,0.0,600.0,0.0,0.0,0.0,0.0,0.0,0.0,0.0,150.0,0.0,0.0,0.0,0.0,0.0,0.0,750.0,,,0.0,0.0,0.0,0.0,0.0,0.0,0.0,0.0,0.0,0.0,0.0,750.0,0.0,0.0,0.0,0.0,0.0,0.0,"Aug 13, 2015"
145,2708051.0,25959.0,Ninewa,Telafar,Tal mutlak,قرية تل مطلك,36.859019,42.221042,57.0,342.0,0.0,0.0,0.0,0.0,0.0,0.0,0.0,0.0,0.0,0.0,0.0,0.0,57.0,0.0,0.0,0.0,0.0,0.0,0.0,57.0,,,0.0,0.0,0.0,0.0,0.0,0.0,0.0,0.0,0.0,0.0,0.0,57.0,0.0,0.0,0.0,0.0,0.0,0.0,"Aug 13, 2015"
146,2708052.0,25705.0,Ninewa,Telafar,Wadi shour,قرية وادي شور,36.57673918,42.6066783657,19.0,114.0,0.0,0.0,0.0,0.0,19.0,0.0,0.0,0.0,0.0,0.0,0.0,0.0,0.0,0.0,0.0,0.0,0.0,0.0,0.0,19.0,,,0.0,0.0,0.0,0.0,0.0,0.0,0.0,0.0,0.0,0.0,0.0,19.0,0.0,0.0,0.0,0.0,0.0,0.0,"Aug 13, 2015"
147,2708053.0,25809.0,Ninewa,Telafar,Domez complex,مجمع دوميز,36.7120468058,42.6146106697,200.0,1200.0,0.0,0.0,0.0,0.0,200.0,0.0,0.0,0.0,0.0,0.0,0.0,0.0,0.0,0.0,0.0,0.0,0.0,0.0,0.0,200.0,,,0.0,0.0,0.0,0.0,0.0,0.0,0.0,0.0,0.0,0.0,0.0,200.0,0.0,0.0,0.0,0.0,0.0,0.0,"Aug 13, 2015"
148,2709041.0,18046.0,Ninewa,Tilkaif,Manara,منارة,36.6154239989,42.9899302446,245.0,1470.0,0.0,0.0,0.0,0.0,245.0,0.0,0.0,0.0,0.0,0.0,0.0,0.0,0.0,0.0,0.0,0.0,0.0,0.0,0.0,245.0,,,0.0,0.0,0.0,0.0,0.0,0.0,0.0,0.0,0.0,0.0,0.0,245.0,0.0,0.0,0.0,0.0,0.0,0.0,"Aug 13, 2015"
149,2709042.0,17931.0,Ninewa,Tilkaif,Tal Adas,تل عدس,36.60841,42.98357,375.0,2250.0,0.0,0.0,0.0,0.0,375.0,0.0,0.0,0.0,0.0,0.0,0.0,0.0,0.0,0.0,0.0,0.0,0.0,0.0,0.0,375.0,,,0.0,0.0,0.0,0.0,0.0,0.0,0.0,0.0,0.0,0.0,0.0,375.0,0.0,0.0,0.0,0.0,0.0,0.0,"Aug 13, 2015"
150,2709046.0,25823.0,Ninewa,Tilkaif,Al Kasaba Al Qadema,القصبة القديمة,36.52907384,42.75431643,400.0,2400.0,0.0,0.0,0.0,0.0,400.0,0.0,0.0,0.0,0.0,0.0,0.0,0.0,0.0,0.0,0.0,0.0,0.0,0.0,0.0,400.0,,,0.0,0.0,0.0,0.0,0.0,0.0,0.0,0.0,0.0,0.0,0.0,400.0,0.0,0.0,0.0,0.0,0.0,0.0,"Aug 13, 2015"
151,2709047.0,25822.0,Ninewa,Tilkaif,Hay Al Askari,حي العسكري,36.53285685,42.76196589,150.0,900.0,0.0,0.0,0.0,0.0,150.0,0.0,0.0,0.0,0.0,0.0,0.0,0.0,0.0,0.0,0.0,0.0,0.0,0.0,0.0,150.0,,,0.0,0.0,0.0,0.0,0.0,0.0,0.0,0.0,0.0,0.0,0.0,150.0,0.0,0.0,0.0,0.0,0.0,0.0,"Aug 13, 2015"
152,2709048.0,25824.0,Ninewa,Tilkaif,Hay Al Hussien,حي الحسين,36.53707289,42.75862601,300.0,1800.0,0.0,0.0,0.0,0.0,300.0,0.0,0.0,0.0,0.0,0.0,0.0,0.0,0.0,0.0,0.0,0.0,0.0,0.0,0.0,300.0,,,0.0,0.0,0.0,0.0,0.0,0.0,0.0,0.0,0.0,0.0,0.0,300.0,0.0,0.0,0.0,0.0,0.0,0.0,"Aug 13, 2015"
153,2709049.0,25821.0,Ninewa,Tilkaif,Hay Al Salam,حي السلام,36.52586074,42.75469097,200.0,1200.0,0.0,0.0,0.0,0.0,200.0,0.0,0.0,0.0,0.0,0.0,0.0,0.0,0.0,0.0,0.0,0.0,0.0,0.0,0.0,200.0,,,0.0,0.0,0.0,0.0,0.0,0.0,0.0,0.0,0.0,0.0,0.0,200.0,0.0,0.0,0.0,0.0,0.0,0.0,"Aug 13, 2015"
154,2709050.0,25820.0,Ninewa,Tilkaif,Hay Al Zuhoor,حي الزهور,36.52935139,42.7575766,300.0,1800.0,0.0,0.0,0.0,0.0,300.0,0.0,0.0,0.0,0.0,0.0,0.0,0.0,0.0,0.0,0.0,0.0,0.0,0.0,0.0,300.0,,,0.0,0.0,0.0,0.0,0.0,0.0,0.0,0.0,0.0,0.0,0.0,300.0,0.0,0.0,0.0,0.0,0.0,0.0,"Aug 13, 2015"
155,2801014.0,25985.0,Salah al-Din,Al-Daur,Al-daur city center,مركز قضاء الدور,34.456947,43.792482,1421.0,8526.0,0.0,0.0,0.0,0.0,0.0,0.0,0.0,0.0,0.0,0.0,0.0,0.0,0.0,0.0,1421.0,0.0,0.0,0.0,0.0,1421.0,,,0.0,0.0,0.0,0.0,0.0,0.0,0.0,0.0,0.0,0.0,0.0,421.0,1000.0,0.0,0.0,0.0,0.0,0.0,"Aug 13, 2015"
156,2803015.0,25706.0,Salah al-Din,Baiji,Albu Tuama Village,قرية البوطعمة,34.8214578596,43.5192379742,1250.0,7500.0,0.0,0.0,0.0,0.0,0.0,0.0,0.0,0.0,0.0,0.0,0.0,0.0,0.0,0.0,1250.0,0.0,0.0,0.0,0.0,1250.0,,,0.0,0.0,0.0,0.0,0.0,0.0,0.0,0.0,0.0,0.0,0.0,1250.0,0.0,0.0,0.0,0.0,0.0,0.0,"Aug 13, 2015"
157,2803016.0,23388.0,Salah al-Din,Baiji,Al Hamra village,قرية الحمرة,34.75922381,43.6055522379,75.0,450.0,0.0,0.0,0.0,0.0,0.0,0.0,0.0,0.0,0.0,0.0,0.0,0.0,0.0,0.0,75.0,0.0,0.0,0.0,0.0,75.0,,,0.0,0.0,0.0,0.0,0.0,0.0,0.0,0.0,0.0,0.0,0.0,0.0,75.0,0.0,0.0,0.0,0.0,0.0,"Aug 13, 2015"
158,2803017.0,25921.0,Salah al-Din,Baiji,Al Hejaj Village-13,مقاطعة 13 الحجاج والجيسات-قرية الحجاج,34.8278145042,43.5064845847,50.0,300.0,0.0,0.0,0.0,0.0,0.0,0.0,50.0,0.0,0.0,0.0,0.0,0.0,0.0,0.0,0.0,0.0,0.0,0.0,0.0,50.0,,,0.0,0.0,0.0,0.0,0.0,0.0,0.0,0.0,0.0,0.0,0.0,50.0,0.0,0.0,0.0,0.0,0.0,0.0,"Aug 13, 2015"
159,2804005.0,20767.0,Salah al-Din,Balad,Albu Jewari,محلة البو جواري,34.0600252537,44.2180074159,400.0,2400.0,0.0,0.0,0.0,0.0,0.0,0.0,0.0,0.0,0.0,0.0,0.0,0.0,0.0,0.0,400.0,0.0,0.0,0.0,0.0,400.0,,,0.0,0.0,0.0,0.0,0.0,0.0,0.0,0.0,0.0,0.0,0.0,400.0,0.0,0.0,0.0,0.0,0.0,0.0,"Aug 13, 2015"
160,2804006.0,25742.0,Salah al-Din,Balad,Al-Duloeyah-Hay Al Jubor,محلة الجبور الاولى,34.0325560855,44.2311162399,401.0,2406.0,0.0,0.0,0.0,0.0,0.0,0.0,0.0,0.0,0.0,0.0,0.0,0.0,0.0,0.0,401.0,0.0,0.0,0.0,0.0,401.0,,,0.0,0.0,0.0,0.0,0.0,0.0,0.0,0.0,0.0,0.0,0.0,401.0,0.0,0.0,0.0,0.0,0.0,0.0,"Aug 13, 2015"
161,2804007.0,20770.0,Salah al-Din,Balad,Al-Duloeyah-Hay khazraj,محلة خزرج,34.0480818869,44.218840531,350.0,2100.0,0.0,0.0,0.0,0.0,0.0,0.0,0.0,0.0,0.0,0.0,0.0,0.0,0.0,0.0,350.0,0.0,0.0,0.0,0.0,300.0,,,0.0,0.0,0.0,0.0,0.0,50.0,0.0,0.0,0.0,0.0,0.0,350.0,0.0,0.0,0.0,0.0,0.0,0.0,"Aug 13, 2015"
162,2804009.0,20773.0,Salah al-Din,Balad,Beshakan village,قرية بيشكان,34.0344334928,44.282596919,327.0,1962.0,0.0,0.0,0.0,0.0,0.0,0.0,0.0,0.0,0.0,0.0,0.0,0.0,0.0,0.0,327.0,0.0,0.0,0.0,0.0,327.0,,,0.0,0.0,0.0,0.0,0.0,0.0,0.0,0.0,0.0,0.0,0.0,327.0,0.0,0.0,0.0,0.0,0.0,0.0,"Aug 13, 2015"
163,2804016.0,20921.0,Salah al-Din,Balad,Al-Juboor Village,قرية الجبور والحويجة ا,34.0325276543,44.2065177974,387.0,2322.0,0.0,0.0,0.0,0.0,0.0,0.0,0.0,0.0,0.0,0.0,0.0,0.0,0.0,0.0,387.0,0.0,0.0,0.0,0.0,387.0,,,0.0,0.0,0.0,0.0,0.0,0.0,0.0,0.0,0.0,0.0,0.0,387.0,0.0,0.0,0.0,0.0,0.0,0.0,"Aug 13, 2015"
164,2806037.0,23774.0,Salah al-Din,Samarra,Al-Tresha-Albu Fahed,البو فهد,34.0947497729,44.0500979405,352.0,2112.0,0.0,0.0,0.0,0.0,0.0,0.0,0.0,0.0,0.0,0.0,0.0,0.0,0.0,0.0,352.0,0.0,0.0,0.0,0.0,352.0,,,0.0,0.0,0.0,0.0,0.0,0.0,0.0,0.0,0.0,0.0,0.0,352.0,0.0,0.0,0.0,0.0,0.0,0.0,"Aug 13, 2015"
165,2806039.0,23775.0,Salah al-Din,Samarra,Al-Tresha-Albu Shatb,قرية البو شطب,34.0753838047,44.0701641329,34.0,204.0,0.0,0.0,0.0,0.0,0.0,0.0,0.0,0.0,0.0,0.0,0.0,0.0,0.0,0.0,34.0,0.0,0.0,0.0,0.0,34.0,,,0.0,0.0,0.0,0.0,0.0,0.0,0.0,0.0,0.0,0.0,0.0,34.0,0.0,0.0,0.0,0.0,0.0,0.0,"Aug 13, 2015"
166,2806047.0,25925.0,Salah al-Din,Samarra,Al Abassyiah Village,مقاطعة 4 القلعة-قرية العباسية,34.29947629,43.78312184,215.0,1290.0,0.0,0.0,0.0,0.0,0.0,0.0,0.0,0.0,0.0,0.0,0.0,0.0,0.0,0.0,215.0,0.0,0.0,0.0,0.0,215.0,,,0.0,0.0,0.0,0.0,0.0,0.0,0.0,0.0,0.0,0.0,0.0,0.0,215.0,0.0,0.0,0.0,0.0,0.0,"Aug 13, 2015"
167,2806048.0,20673.0,Salah al-Din,Samarra,Al-Jillam area,منطقة الجلام,34.240887668,43.8931212388,380.0,2280.0,0.0,0.0,0.0,0.0,0.0,0.0,0.0,0.0,0.0,0.0,0.0,0.0,0.0,0.0,380.0,0.0,0.0,0.0,0.0,380.0,,,0.0,0.0,0.0,0.0,0.0,0.0,0.0,0.0,0.0,0.0,0.0,0.0,380.0,0.0,0.0,0.0,0.0,0.0,"Aug 13, 2015"
168,2806049.0,25895.0,Salah al-Din,Samarra,Al Seeawiya 1,محلة الصعيوية-1,34.076353,44.065528,71.0,426.0,0.0,0.0,0.0,0.0,0.0,0.0,0.0,0.0,0.0,0.0,0.0,0.0,0.0,0.0,71.0,0.0,0.0,0.0,0.0,71.0,,,0.0,0.0,0.0,0.0,0.0,0.0,0.0,0.0,0.0,0.0,0.0,71.0,0.0,0.0,0.0,0.0,0.0,0.0,"Aug 13, 2015"
169,2806050.0,25926.0,Salah al-Din,Samarra,Hawi Albsat,مقاطعة 27 حاوى البساط,34.2613789905,43.8754131272,435.0,2610.0,0.0,0.0,0.0,0.0,0.0,0.0,0.0,0.0,0.0,0.0,0.0,0.0,0.0,0.0,435.0,0.0,0.0,0.0,0.0,435.0,,,0.0,0.0,0.0,0.0,0.0,0.0,0.0,0.0,0.0,0.0,0.0,0.0,435.0,0.0,0.0,0.0,0.0,0.0,"Aug 13, 2015"
170,2806051.0,25924.0,Salah al-Din,Samarra,Huiesh village,مقاطعة 4 القلعة-قرية الحويش,34.20189174,43.81188853,380.0,2280.0,0.0,0.0,0.0,0.0,0.0,0.0,0.0,0.0,0.0,0.0,0.0,0.0,0.0,0.0,380.0,0.0,0.0,0.0,0.0,380.0,,,0.0,0.0,0.0,0.0,0.0,0.0,0.0,0.0,0.0,0.0,0.0,0.0,380.0,0.0,0.0,0.0,0.0,0.0,"Aug 13, 2015"
171,2806052.0,26033.0,Salah al-Din,Samarra,Mahala mkeasheefa,محلة مكيشيفه,34.366498,43.746792,555.0,3330.0,0.0,0.0,0.0,0.0,0.0,0.0,0.0,0.0,0.0,0.0,0.0,0.0,0.0,0.0,555.0,0.0,0.0,0.0,0.0,555.0,,,0.0,0.0,0.0,0.0,0.0,0.0,0.0,0.0,0.0,0.0,0.0,155.0,400.0,0.0,0.0,0.0,0.0,0.0,"Aug 13, 2015"
172,2808001.0,23145.0,Salah al-Din,Tikrit,Al Ahad Al Jadid village,قرية العهد الجديد,34.7201651082,43.6989630329,770.0,4620.0,0.0,0.0,0.0,0.0,0.0,0.0,520.0,0.0,250.0,0.0,0.0,0.0,0.0,0.0,0.0,0.0,0.0,0.0,0.0,770.0,,,0.0,0.0,0.0,0.0,0.0,0.0,0.0,0.0,0.0,0.0,520.0,250.0,0.0,0.0,0.0,0.0,0.0,0.0,"Aug 13, 2015"
173,2808002.0,23244.0,Salah al-Din,Tikrit,Hay Al Askari,الحي العسكري,34.6888668163,43.7172710479,575.0,3450.0,0.0,0.0,100.0,0.0,0.0,0.0,0.0,0.0,200.0,0.0,0.0,0.0,0.0,0.0,275.0,0.0,0.0,0.0,0.0,475.0,,,0.0,0.0,0.0,0.0,0.0,100.0,0.0,0.0,0.0,0.0,0.0,275.0,300.0,0.0,0.0,0.0,0.0,0.0,"Aug 13, 2015"
174,2808004.0,25569.0,Salah al-Din,Tikrit,Al Haweja village-AlAbady,قرية الحويجة-العبادي,34.704490884,43.679389427,200.0,1200.0,0.0,0.0,0.0,0.0,0.0,0.0,0.0,0.0,200.0,0.0,0.0,0.0,0.0,0.0,0.0,0.0,0.0,0.0,0.0,200.0,,,0.0,0.0,0.0,0.0,0.0,0.0,0.0,0.0,0.0,0.0,0.0,200.0,0.0,0.0,0.0,0.0,0.0,0.0,"Aug 13, 2015"
175,2808005.0,24212.0,Salah al-Din,Tikrit,Al khuzamiya Village,قرية الخزامية,34.7685449972,43.6508570495,50.0,300.0,0.0,0.0,0.0,0.0,0.0,0.0,0.0,0.0,0.0,0.0,0.0,0.0,0.0,0.0,50.0,0.0,0.0,0.0,0.0,50.0,,,0.0,0.0,0.0,0.0,0.0,0.0,0.0,0.0,0.0,0.0,0.0,50.0,0.0,0.0,0.0,0.0,0.0,0.0,"Aug 13, 2015"
176,2808007.0,24211.0,Salah al-Din,Tikrit,Al Namah Al ShamaliyahVillage,قرية الناعمة الشمالية,34.6626378201,43.9208114088,250.0,1500.0,0.0,0.0,0.0,0.0,0.0,0.0,0.0,0.0,250.0,0.0,0.0,0.0,0.0,0.0,0.0,0.0,0.0,0.0,0.0,250.0,,,0.0,0.0,0.0,0.0,0.0,0.0,0.0,0.0,0.0,0.0,0.0,250.0,0.0,0.0,0.0,0.0,0.0,0.0,"Aug 13, 2015"
177,2808011.0,24248.0,Salah al-Din,Tikrit,Awajealah Quarter,حي عويجيلية-م(27-الخرجة والعالي),34.6747398535,43.7152989723,855.0,5130.0,0.0,0.0,0.0,0.0,0.0,0.0,0.0,0.0,280.0,0.0,0.0,0.0,0.0,0.0,425.0,150.0,0.0,0.0,0.0,855.0,,,0.0,0.0,0.0,0.0,0.0,0.0,0.0,0.0,0.0,0.0,0.0,530.0,325.0,0.0,0.0,0.0,0.0,0.0,"Aug 13, 2015"
178,2808012.0,23527.0,Salah al-Din,Tikrit,Ellmeabdi Al Shemaliya Village,العلم مقاطعة 44 المعيبدي الشمالية,34.774034,43.890529,275.0,1650.0,0.0,0.0,0.0,0.0,0.0,0.0,0.0,0.0,275.0,0.0,0.0,0.0,0.0,0.0,0.0,0.0,0.0,0.0,0.0,275.0,,,0.0,0.0,0.0,0.0,0.0,0.0,0.0,0.0,0.0,0.0,0.0,0.0,275.0,0.0,0.0,0.0,0.0,0.0,"Aug 13, 2015"
179,2808013.0,23206.0,Salah al-Din,Tikrit,Hay Al Asry Al Jadid-404,حي العصري-محلة 404,34.6053898567,43.6761703435,1475.0,8850.0,0.0,0.0,0.0,0.0,0.0,0.0,0.0,0.0,1075.0,0.0,0.0,0.0,0.0,0.0,400.0,0.0,0.0,0.0,0.0,1475.0,,,0.0,0.0,0.0,0.0,0.0,0.0,0.0,0.0,0.0,0.0,1075.0,0.0,400.0,0.0,0.0,0.0,0.0,0.0,"Aug 13, 2015"
180,2808014.0,24247.0,Salah al-Din,Tikrit,Hay Al baladiyah,حي البلدية-م(27-الخرجة والعالي),34.687550089,43.7176952396,45.0,270.0,0.0,0.0,0.0,0.0,0.0,0.0,0.0,0.0,45.0,0.0,0.0,0.0,0.0,0.0,0.0,0.0,0.0,0.0,0.0,45.0,,,0.0,0.0,0.0,0.0,0.0,0.0,0.0,0.0,0.0,0.0,0.0,45.0,0.0,0.0,0.0,0.0,0.0,0.0,"Aug 13, 2015"
181,2808015.0,20608.0,Salah al-Din,Tikrit,Hay Al Jamiyah,حي الجمعية-2,34.6946263051,43.7152207043,770.0,4620.0,0.0,0.0,0.0,0.0,0.0,0.0,0.0,0.0,770.0,0.0,0.0,0.0,0.0,0.0,0.0,0.0,0.0,0.0,0.0,770.0,,,0.0,0.0,0.0,0.0,0.0,0.0,0.0,0.0,0.0,0.0,0.0,420.0,350.0,0.0,0.0,0.0,0.0,0.0,"Aug 13, 2015"
182,2808016.0,21592.0,Salah al-Din,Tikrit,Hay Al sinay-Al samad,حي الصناعي-م(51-المجرة وتل رجيم)قرية الصمد,34.7132682538,43.7066910747,765.0,4590.0,0.0,0.0,0.0,0.0,0.0,0.0,200.0,0.0,415.0,0.0,0.0,0.0,0.0,0.0,150.0,0.0,0.0,0.0,0.0,765.0,,,0.0,0.0,0.0,0.0,0.0,0.0,0.0,0.0,0.0,0.0,0.0,615.0,150.0,0.0,0.0,0.0,0.0,0.0,"Aug 13, 2015"
183,2808018.0,22585.0,Salah al-Din,Tikrit,Mahalla Al Aed-3,العلم حي العائد(27-الخرجة والعالي) محلة العائد 3,34.700858,43.713857,690.0,4140.0,0.0,0.0,0.0,0.0,0.0,0.0,0.0,0.0,690.0,0.0,0.0,0.0,0.0,0.0,0.0,0.0,0.0,0.0,0.0,690.0,,,0.0,0.0,0.0,0.0,0.0,0.0,0.0,0.0,0.0,0.0,0.0,200.0,490.0,0.0,0.0,0.0,0.0,0.0,"Aug 13, 2015"
184,2808019.0,22470.0,Salah al-Din,Tikrit,Mahalla Al muwadafeen,حي الموظفين(27الخرجة والعالي)محلة الموظفين,34.6905558572,43.7144303777,675.0,4050.0,0.0,0.0,250.0,0.0,0.0,0.0,0.0,0.0,200.0,0.0,0.0,0.0,0.0,0.0,225.0,0.0,0.0,0.0,0.0,425.0,,,0.0,0.0,0.0,0.0,0.0,250.0,0.0,0.0,0.0,0.0,450.0,225.0,0.0,0.0,0.0,0.0,0.0,0.0,"Aug 13, 2015"
185,2808023.0,22059.0,Salah al-Din,Tikrit,Qaryat Erbaidha,قرية أربيضة,34.7932755465,43.6042593887,410.0,2460.0,0.0,0.0,0.0,0.0,0.0,0.0,0.0,0.0,410.0,0.0,0.0,0.0,0.0,0.0,0.0,0.0,0.0,0.0,0.0,410.0,,,0.0,0.0,0.0,0.0,0.0,0.0,0.0,0.0,0.0,0.0,0.0,0.0,410.0,0.0,0.0,0.0,0.0,0.0,"Aug 13, 2015"
186,2808025.0,20612.0,Salah al-Din,Tikrit,Samrah Village,قرية سمرة,34.7556756507,43.669097506,100.0,600.0,0.0,0.0,0.0,0.0,0.0,0.0,0.0,0.0,100.0,0.0,0.0,0.0,0.0,0.0,0.0,0.0,0.0,0.0,0.0,100.0,,,0.0,0.0,0.0,0.0,0.0,0.0,0.0,0.0,0.0,0.0,0.0,0.0,100.0,0.0,0.0,0.0,0.0,0.0,"Aug 13, 2015"
187,2808028.0,23702.0,Salah al-Din,Tikrit,Qadisya 2 500 Area,حي المطاردة(قادسية2)مقاطعة 7 محله 218 – قطعه 500,34.6508521597,43.6484036824,550.0,3300.0,0.0,0.0,0.0,0.0,0.0,0.0,0.0,0.0,0.0,0.0,0.0,0.0,0.0,0.0,550.0,0.0,0.0,0.0,0.0,550.0,,,0.0,0.0,0.0,0.0,0.0,0.0,0.0,0.0,0.0,0.0,0.0,0.0,550.0,0.0,0.0,0.0,0.0,0.0,"Aug 13, 2015"
188,2808031.0,23918.0,Salah al-Din,Tikrit,Al-Mutaradah 204,حي الشهداء مقاطعة 7-المطاردة محلة 204,34.6225053677,43.6737766396,115.0,690.0,0.0,0.0,0.0,0.0,0.0,0.0,0.0,0.0,0.0,0.0,0.0,0.0,0.0,0.0,115.0,0.0,0.0,0.0,0.0,115.0,,,0.0,0.0,0.0,0.0,0.0,0.0,0.0,0.0,0.0,0.0,0.0,0.0,115.0,0.0,0.0,0.0,0.0,0.0,"Aug 13, 2015"
189,2808032.0,20630.0,Salah al-Din,Tikrit,Al-Shahama Village,قرية الشهامة,34.6956270355,43.6248264661,50.0,300.0,0.0,0.0,0.0,0.0,0.0,0.0,0.0,0.0,50.0,0.0,0.0,0.0,0.0,0.0,0.0,0.0,0.0,0.0,0.0,50.0,,,0.0,0.0,0.0,0.0,0.0,0.0,0.0,0.0,0.0,0.0,0.0,50.0,0.0,0.0,0.0,0.0,0.0,0.0,"Aug 13, 2015"
190,2808037.0,22966.0,Salah al-Din,Tikrit,Hay Sheshen Mahal 408,حي شيشين-مقاطعة 5-وادي شيشين محلة 408,34.5929545071,43.6818062514,200.0,1200.0,0.0,0.0,75.0,0.0,0.0,0.0,0.0,0.0,70.0,0.0,0.0,0.0,0.0,0.0,55.0,0.0,0.0,0.0,0.0,200.0,,,0.0,0.0,0.0,0.0,0.0,0.0,0.0,0.0,0.0,0.0,125.0,75.0,0.0,0.0,0.0,0.0,0.0,0.0,"Aug 13, 2015"
191,2808040.0,25707.0,Salah al-Din,Tikrit,Al-Alam-mahallat awayjelya 27,العلم حي عويجيلية (27-الخرجة والعالي) محلة عويجل,35.557912,43.271648,265.0,1590.0,0.0,0.0,150.0,0.0,0.0,0.0,0.0,0.0,0.0,0.0,0.0,20.0,0.0,0.0,95.0,0.0,0.0,0.0,0.0,265.0,,,0.0,0.0,0.0,0.0,0.0,0.0,0.0,0.0,0.0,0.0,0.0,0.0,265.0,0.0,0.0,0.0,0.0,0.0,"Aug 13, 2015"
192,2808041.0,25949.0,Salah al-Din,Tikrit,Al Bzikhah Village,قرية البزيخة,34.892082314,43.5488168918,400.0,2400.0,0.0,0.0,0.0,0.0,0.0,0.0,0.0,0.0,200.0,0.0,0.0,0.0,0.0,0.0,200.0,0.0,0.0,0.0,0.0,400.0,,,0.0,0.0,0.0,0.0,0.0,0.0,0.0,0.0,0.0,0.0,0.0,0.0,400.0,0.0,0.0,0.0,0.0,0.0,"Aug 13, 2015"
193,2808042.0,25984.0,Salah al-Din,Tikrit,Aldleimat Village,قرية الدليمات,34.7840029357,43.6263014283,200.0,1200.0,0.0,0.0,0.0,0.0,0.0,0.0,0.0,0.0,0.0,0.0,0.0,0.0,0.0,0.0,200.0,0.0,0.0,0.0,0.0,200.0,,,0.0,0.0,0.0,0.0,0.0,0.0,0.0,0.0,0.0,0.0,0.0,0.0,200.0,0.0,0.0,0.0,0.0,0.0,"Aug 13, 2015"
194,2808044.0,26034.0,Salah al-Din,Tikrit,Al Mahzam village,قرية المحزم,34.7285134911,43.6406543147,60.0,360.0,0.0,0.0,0.0,0.0,0.0,0.0,0.0,0.0,0.0,0.0,0.0,0.0,0.0,0.0,60.0,0.0,0.0,0.0,0.0,60.0,,,0.0,0.0,0.0,0.0,0.0,0.0,0.0,0.0,0.0,0.0,0.0,60.0,0.0,0.0,0.0,0.0,0.0,0.0,"Aug 13, 2015"
195,2808045.0,25894.0,Salah al-Din,Tikrit,Al Namah Al Janobiyah Village,الناعمة الجنوبية قرية الناعمة,34.641241,43.8986492297,250.0,1500.0,0.0,0.0,0.0,0.0,0.0,0.0,0.0,0.0,250.0,0.0,0.0,0.0,0.0,0.0,0.0,0.0,0.0,0.0,0.0,0.0,,,0.0,0.0,250.0,0.0,0.0,0.0,0.0,0.0,0.0,0.0,0.0,250.0,0.0,0.0,0.0,0.0,0.0,0.0,"Aug 13, 2015"
196,2808047.0,21357.0,Salah al-Din,Tikrit,Al Zallayah village,قرية الزلاية,34.45798508,43.72672328,250.0,1500.0,0.0,0.0,0.0,0.0,0.0,0.0,0.0,0.0,0.0,0.0,0.0,0.0,0.0,0.0,250.0,0.0,0.0,0.0,0.0,250.0,,,0.0,0.0,0.0,0.0,0.0,0.0,0.0,0.0,0.0,0.0,0.0,250.0,0.0,0.0,0.0,0.0,0.0,0.0,"Aug 13, 2015"
197,2808048.0,23301.0,Salah al-Din,Tikrit,Hay Al Anwaa Mahala 420,حي الانواء-محلة 420,34.5750390046,43.6820188772,100.0,600.0,0.0,0.0,0.0,0.0,0.0,0.0,0.0,0.0,25.0,0.0,0.0,0.0,0.0,0.0,75.0,0.0,0.0,0.0,0.0,100.0,,,0.0,0.0,0.0,0.0,0.0,0.0,0.0,0.0,0.0,0.0,25.0,0.0,75.0,0.0,0.0,0.0,0.0,0.0,"Aug 13, 2015"
198,2808049.0,25961.0,Salah al-Din,Tikrit,Hay Alarbaen,حي الاربعين-محله 414,34.5948121464,43.6768271495,670.0,4020.0,0.0,0.0,0.0,0.0,0.0,0.0,0.0,0.0,320.0,0.0,0.0,0.0,0.0,0.0,120.0,230.0,0.0,0.0,0.0,670.0,,,0.0,0.0,0.0,0.0,0.0,0.0,0.0,0.0,0.0,0.0,350.0,320.0,0.0,0.0,0.0,0.0,0.0,0.0,"Aug 13, 2015"
199,2808050.0,22331.0,Salah al-Din,Tikrit,Al Baladiyat-402,البلديات-402,34.6112426883,43.6740902904,270.0,1620.0,0.0,0.0,0.0,0.0,0.0,0.0,0.0,0.0,150.0,0.0,0.0,0.0,0.0,0.0,120.0,0.0,0.0,0.0,0.0,270.0,,,0.0,0.0,0.0,0.0,0.0,0.0,0.0,0.0,0.0,0.0,120.0,0.0,150.0,0.0,0.0,0.0,0.0,0.0,"Aug 13, 2015"
200,2808051.0,25698.0,Salah al-Din,Tikrit,Hay Al-jamiyah 3,العلم - حي الجمعية - 3,34.6075,43.6891,45.0,270.0,0.0,0.0,0.0,0.0,0.0,0.0,0.0,0.0,0.0,0.0,0.0,0.0,0.0,0.0,45.0,0.0,0.0,0.0,0.0,0.0,,,0.0,0.0,0.0,0.0,0.0,45.0,0.0,0.0,0.0,0.0,0.0,0.0,45.0,0.0,0.0,0.0,0.0,0.0,"Aug 13, 2015"
201,2808052.0,25699.0,Salah al-Din,Tikrit,Hay Al-jamiyah 4,العلم - حي الجمعية - 4,34.6075,43.6891,80.0,480.0,0.0,0.0,0.0,0.0,0.0,0.0,0.0,0.0,0.0,0.0,0.0,0.0,0.0,0.0,0.0,80.0,0.0,0.0,0.0,80.0,,,0.0,0.0,0.0,0.0,0.0,0.0,0.0,0.0,0.0,0.0,0.0,80.0,0.0,0.0,0.0,0.0,0.0,0.0,"Aug 13, 2015"
202,2808053.0,25960.0,Salah al-Din,Tikrit,Hay Aljamiyaa,حي الجمعية-محله 418,34.5929969189,43.6741052732,620.0,3720.0,0.0,0.0,0.0,0.0,0.0,0.0,280.0,0.0,340.0,0.0,0.0,0.0,0.0,0.0,0.0,0.0,0.0,0.0,0.0,620.0,,,0.0,0.0,0.0,0.0,0.0,0.0,0.0,0.0,0.0,0.0,0.0,340.0,280.0,0.0,0.0,0.0,0.0,0.0,"Aug 13, 2015"
203,2808054.0,22332.0,Salah al-Din,Tikrit,Hay Al Jamiya-Mahalla 416,حي الجمعية-محله 416,34.589026,43.675297,1050.0,6300.0,0.0,0.0,0.0,0.0,0.0,0.0,0.0,0.0,220.0,0.0,0.0,0.0,0.0,0.0,830.0,0.0,0.0,0.0,0.0,1050.0,,,0.0,0.0,0.0,0.0,0.0,0.0,0.0,0.0,0.0,0.0,1050.0,0.0,0.0,0.0,0.0,0.0,0.0,0.0,"Aug 13, 2015"
204,2808055.0,22812.0,Salah al-Din,Tikrit,Hay Al Mualimeen-406,حي المعلمين محلة-406,34.6036512824,43.6747349426,220.0,1320.0,0.0,0.0,0.0,0.0,0.0,0.0,0.0,0.0,0.0,0.0,0.0,0.0,0.0,0.0,220.0,0.0,0.0,0.0,0.0,220.0,,,0.0,0.0,0.0,0.0,0.0,0.0,0.0,0.0,0.0,0.0,220.0,0.0,0.0,0.0,0.0,0.0,0.0,0.0,"Aug 13, 2015"
205,2808057.0,22468.0,Salah al-Din,Tikrit,Hay Al Zuhour-422,حي الزهور محلة-422,34.5906041222,43.6723785909,580.0,3480.0,0.0,0.0,0.0,0.0,0.0,0.0,280.0,0.0,300.0,0.0,0.0,0.0,0.0,0.0,0.0,0.0,0.0,0.0,0.0,580.0,,,0.0,0.0,0.0,0.0,0.0,0.0,0.0,0.0,0.0,0.0,580.0,0.0,0.0,0.0,0.0,0.0,0.0,0.0,"Aug 13, 2015"
206,2808058.0,25962.0,Salah al-Din,Tikrit,Hay Salma Altaghlubia,حي سلمى التغلبيه-محله 401,34.6097445069,43.6808217131,350.0,2100.0,0.0,0.0,0.0,0.0,0.0,0.0,0.0,0.0,200.0,0.0,0.0,0.0,0.0,0.0,150.0,0.0,0.0,0.0,0.0,350.0,,,0.0,0.0,0.0,0.0,0.0,0.0,0.0,0.0,0.0,0.0,0.0,350.0,0.0,0.0,0.0,0.0,0.0,0.0,"Aug 13, 2015"
207,2808059.0,25696.0,Salah al-Din,Tikrit,Mahalla Al-aed-4,العلم حي العائد(27-الخرجة والعالي) محلة العائد 4,34.700858,43.713857,200.0,1200.0,0.0,0.0,0.0,0.0,0.0,0.0,0.0,0.0,200.0,0.0,0.0,0.0,0.0,0.0,0.0,0.0,0.0,0.0,0.0,200.0,,,0.0,0.0,0.0,0.0,0.0,0.0,0.0,0.0,0.0,0.0,0.0,200.0,0.0,0.0,0.0,0.0,0.0,0.0,"Aug 13, 2015"
208,2808060.0,25697.0,Salah al-Din,Tikrit,Mahalla Al-aed-5,العلم حي العائد(27-الخرجة والعالي) محلة العائد 5,34.700858,43.713857,100.0,600.0,0.0,0.0,0.0,0.0,0.0,0.0,100.0,0.0,0.0,0.0,0.0,0.0,0.0,0.0,0.0,0.0,0.0,0.0,0.0,100.0,,,0.0,0.0,0.0,0.0,0.0,0.0,0.0,0.0,0.0,0.0,100.0,0.0,0.0,0.0,0.0,0.0,0.0,0.0,"Aug 13, 2015"
209,2808061.0,25922.0,Salah al-Din,Tikrit,Qadisya 1 Mahala 214,حي المطاردة(قادسية1)مقاطعة 7-محله 214,34.6457808852,43.6660867266,1600.0,9600.0,0.0,0.0,0.0,0.0,0.0,0.0,0.0,0.0,0.0,0.0,0.0,0.0,0.0,0.0,1400.0,200.0,0.0,0.0,0.0,1600.0,,,0.0,0.0,0.0,0.0,0.0,0.0,0.0,0.0,0.0,0.0,0.0,0.0,1600.0,0.0,0.0,0.0,0.0,0.0,"Aug 13, 2015"
210,2808062.0,25923.0,Salah al-Din,Tikrit,Qadisya 2 Mahala 216,حي المطاردة(قادسية2)مقاطعة 7-محله 216,34.6490426651,43.6629112169,1700.0,10200.0,0.0,0.0,0.0,0.0,0.0,0.0,0.0,0.0,0.0,0.0,0.0,0.0,0.0,0.0,1700.0,0.0,0.0,0.0,0.0,1700.0,,,0.0,0.0,0.0,0.0,0.0,0.0,0.0,0.0,0.0,0.0,0.0,0.0,1700.0,0.0,0.0,0.0,0.0,0.0,"Aug 13, 2015"
211,2808063.0,25950.0,Salah al-Din,Tikrit,Tal-Al Sibaat Village,قرية تل السيباط,34.8196908407,43.5777288906,530.0,3180.0,0.0,0.0,0.0,0.0,0.0,0.0,0.0,0.0,265.0,0.0,0.0,0.0,0.0,0.0,265.0,0.0,0.0,0.0,0.0,530.0,,,0.0,0.0,0.0,0.0,0.0,0.0,0.0,0.0,0.0,0.0,0.0,0.0,530.0,0.0,0.0,0.0,0.0,0.0,"Aug 13, 2015"
212,2808065.0,20666.0,Salah al-Din,Tikrit,Uwainat,عوينات,34.4713799229,43.7353503848,200.0,1200.0,0.0,0.0,0.0,0.0,0.0,0.0,0.0,0.0,0.0,0.0,0.0,0.0,0.0,0.0,200.0,0.0,0.0,0.0,0.0,200.0,,,0.0,0.0,0.0,0.0,0.0,0.0,0.0,0.0,0.0,0.0,0.0,0.0,200.0,0.0,0.0,0.0,0.0,0.0,"Aug 13, 2015"
213,,,,,,,,,,,,,,,,,,,,,,,,,,,,,,,,,,,,,,,,,,,,,,,,,,,"Aug 13, 2015"
